time,open,high,low,close,volume
Tue Feb 03 2026 15:53:00 GMT+0300 (Москва, стандартное время),304.44,304.44,304.37,304.43,10803
Tue Feb 03 2026 15:54:00 GMT+0300 (Москва, стандартное время),304.43,304.43,304.34,304.42,12668
Tue Feb 03 2026 15:55:00 GMT+0300 (Москва, стандартное время),304.42,304.43,304.37,304.42,2138
Tue Feb 03 2026 15:56:00 GMT+0300 (Москва, стандартное время),304.4,304.43,304.4,304.41,14572
Tue Feb 03 2026 15:57:00 GMT+0300 (Москва, стандартное время),304.4,304.41,304.29,304.31,19734
Tue Feb 03 2026 15:58:00 GMT+0300 (Москва, стандартное время),304.31,304.36,304.31,304.35,5772
Tue Feb 03 2026 15:59:00 GMT+0300 (Москва, стандартное время),304.34,304.35,304.33,304.33,3983
Tue Feb 03 2026 16:00:00 GMT+0300 (Москва, стандартное время),304.35,304.47,304.23,304.47,36335
Tue Feb 03 2026 16:01:00 GMT+0300 (Москва, стандартное время),304.47,304.5,304.45,304.48,23489
Tue Feb 03 2026 16:02:00 GMT+0300 (Москва, стандартное время),304.5,304.5,304.37,304.43,6814
Tue Feb 03 2026 16:03:00 GMT+0300 (Москва, стандартное время),304.44,304.49,304.44,304.46,4173
Tue Feb 03 2026 16:04:00 GMT+0300 (Москва, стандартное время),304.47,304.5,304.44,304.45,6683
Tue Feb 03 2026 16:05:00 GMT+0300 (Москва, стандартное время),304.45,304.46,304.37,304.38,2526
Tue Feb 03 2026 16:06:00 GMT+0300 (Москва, стандартное время),304.37,304.38,304.31,304.32,7111
Tue Feb 03 2026 16:07:00 GMT+0300 (Москва, стандартное время),304.32,304.4,304.32,304.4,7240
Tue Feb 03 2026 16:08:00 GMT+0300 (Москва, стандартное время),304.4,304.44,304.37,304.43,13865
Tue Feb 03 2026 16:09:00 GMT+0300 (Москва, стандартное время),304.43,304.54,304.43,304.53,17779
Tue Feb 03 2026 16:10:00 GMT+0300 (Москва, стандартное время),304.52,304.58,304.52,304.55,24744
Tue Feb 03 2026 16:11:00 GMT+0300 (Москва, стандартное время),304.55,304.56,304.41,304.43,30577
Tue Feb 03 2026 16:12:00 GMT+0300 (Москва, стандартное время),304.43,304.49,304.37,304.49,20180
Tue Feb 03 2026 16:13:00 GMT+0300 (Москва, стандартное время),304.5,304.59,304.45,304.5,39583
Tue Feb 03 2026 16:14:00 GMT+0300 (Москва, стандартное время),304.48,304.56,304.48,304.54,3204
Tue Feb 03 2026 16:15:00 GMT+0300 (Москва, стандартное время),304.53,304.59,304.5,304.59,6923
Tue Feb 03 2026 16:16:00 GMT+0300 (Москва, стандартное время),304.59,304.6,304.55,304.57,7588
Tue Feb 03 2026 16:17:00 GMT+0300 (Москва, стандартное время),304.58,304.6,304.52,304.59,20269
Tue Feb 03 2026 16:18:00 GMT+0300 (Москва, стандартное время),304.59,304.75,304.59,304.72,33598
Tue Feb 03 2026 16:19:00 GMT+0300 (Москва, стандартное время),304.72,304.75,304.65,304.69,3108
Tue Feb 03 2026 16:20:00 GMT+0300 (Москва, стандартное время),304.69,304.74,304.68,304.69,8637
Tue Feb 03 2026 16:21:00 GMT+0300 (Москва, стандартное время),304.68,304.7,304.66,304.7,17744
Tue Feb 03 2026 16:22:00 GMT+0300 (Москва, стандартное время),304.68,304.74,304.68,304.69,5228
Tue Feb 03 2026 16:23:00 GMT+0300 (Москва, стандартное время),304.7,304.72,304.67,304.72,1696
Tue Feb 03 2026 16:24:00 GMT+0300 (Москва, стандартное время),304.72,304.79,304.67,304.73,19611
Tue Feb 03 2026 16:25:00 GMT+0300 (Москва, стандартное время),304.73,304.73,304.64,304.7,5496
Tue Feb 03 2026 16:26:00 GMT+0300 (Москва, стандартное время),304.7,304.81,304.69,304.8,89094
Tue Feb 03 2026 16:27:00 GMT+0300 (Москва, стандартное время),304.81,304.81,304.79,304.8,27892
Tue Feb 03 2026 16:28:00 GMT+0300 (Москва, стандартное время),304.81,304.81,304.78,304.8,8908
Tue Feb 03 2026 16:29:00 GMT+0300 (Москва, стандартное время),304.8,304.81,304.7,304.8,29675
Tue Feb 03 2026 16:30:00 GMT+0300 (Москва, стандартное время),304.8,304.81,304.78,304.78,7473
Tue Feb 03 2026 16:31:00 GMT+0300 (Москва, стандартное время),304.79,304.79,304.77,304.78,17007
Tue Feb 03 2026 16:32:00 GMT+0300 (Москва, стандартное время),304.78,304.81,304.77,304.79,33657
Tue Feb 03 2026 16:33:00 GMT+0300 (Москва, стандартное время),304.79,304.81,304.78,304.81,7761
Tue Feb 03 2026 16:34:00 GMT+0300 (Москва, стандартное время),304.8,304.81,304.79,304.8,25808
Tue Feb 03 2026 16:35:00 GMT+0300 (Москва, стандартное время),304.81,304.81,304.78,304.8,7805
Tue Feb 03 2026 16:36:00 GMT+0300 (Москва, стандартное время),304.8,304.8,304.78,304.78,12804
Tue Feb 03 2026 16:37:00 GMT+0300 (Москва, стандартное время),304.78,304.78,304.58,304.72,39567
Tue Feb 03 2026 16:38:00 GMT+0300 (Москва, стандартное время),304.71,304.71,304.63,304.64,3067
Tue Feb 03 2026 16:39:00 GMT+0300 (Москва, стандартное время),304.64,304.68,304.61,304.67,1859
Tue Feb 03 2026 16:40:00 GMT+0300 (Москва, стандартное время),304.64,304.68,304.64,304.64,1209
Tue Feb 03 2026 16:41:00 GMT+0300 (Москва, стандартное время),304.67,304.75,304.67,304.72,8614
Tue Feb 03 2026 16:42:00 GMT+0300 (Москва, стандартное время),304.73,304.75,304.65,304.7,3671
Tue Feb 03 2026 16:43:00 GMT+0300 (Москва, стандартное время),304.7,304.74,304.58,304.64,12014
Tue Feb 03 2026 16:44:00 GMT+0300 (Москва, стандартное время),304.66,304.7,304.64,304.69,1852
Tue Feb 03 2026 16:45:00 GMT+0300 (Москва, стандартное время),304.69,304.74,304.65,304.74,2710
Tue Feb 03 2026 16:46:00 GMT+0300 (Москва, стандартное время),304.73,304.75,304.72,304.75,2207
Tue Feb 03 2026 16:47:00 GMT+0300 (Москва, стандартное время),304.74,304.78,304.74,304.77,9509
Tue Feb 03 2026 16:48:00 GMT+0300 (Москва, стандартное время),304.78,304.78,304.76,304.78,4606
Tue Feb 03 2026 16:49:00 GMT+0300 (Москва, стандартное время),304.78,304.79,304.76,304.78,16848
Tue Feb 03 2026 16:50:00 GMT+0300 (Москва, стандартное время),304.77,304.81,304.76,304.78,39487
Tue Feb 03 2026 16:51:00 GMT+0300 (Москва, стандартное время),304.77,304.78,304.77,304.78,2483
Tue Feb 03 2026 16:52:00 GMT+0300 (Москва, стандартное время),304.78,304.8,304.75,304.79,12386
Tue Feb 03 2026 16:53:00 GMT+0300 (Москва, стандартное время),304.76,304.8,304.76,304.79,3579
Tue Feb 03 2026 16:54:00 GMT+0300 (Москва, стандартное время),304.78,304.8,304.75,304.77,4287
Tue Feb 03 2026 16:55:00 GMT+0300 (Москва, стандартное время),304.77,304.8,304.76,304.8,4861
Tue Feb 03 2026 16:56:00 GMT+0300 (Москва, стандартное время),304.79,304.8,304.76,304.79,3040
Tue Feb 03 2026 16:57:00 GMT+0300 (Москва, стандартное время),304.79,304.81,304.75,304.8,29247
Tue Feb 03 2026 16:58:00 GMT+0300 (Москва, стандартное время),304.81,304.81,304.8,304.8,49220
Tue Feb 03 2026 16:59:00 GMT+0300 (Москва, стандартное время),304.8,304.81,304.77,304.81,18292
Tue Feb 03 2026 17:00:00 GMT+0300 (Москва, стандартное время),304.79,304.81,304.77,304.77,9011
Tue Feb 03 2026 17:01:00 GMT+0300 (Москва, стандартное время),304.77,304.78,304.65,304.67,33056
Tue Feb 03 2026 17:02:00 GMT+0300 (Москва, стандартное время),304.67,304.81,304.66,304.78,118611
Tue Feb 03 2026 17:03:00 GMT+0300 (Москва, стандартное время),304.78,304.8,304.73,304.77,15841
Tue Feb 03 2026 17:04:00 GMT+0300 (Москва, стандартное время),304.73,304.8,304.73,304.75,3077
Tue Feb 03 2026 17:05:00 GMT+0300 (Москва, стандартное время),304.8,304.81,304.75,304.8,46926
Tue Feb 03 2026 17:06:00 GMT+0300 (Москва, стандартное время),304.8,304.81,304.71,304.71,14897
Tue Feb 03 2026 17:07:00 GMT+0300 (Москва, стандартное время),304.72,304.78,304.69,304.73,6819
Tue Feb 03 2026 17:08:00 GMT+0300 (Москва, стандартное время),304.72,304.8,304.72,304.8,16669
Tue Feb 03 2026 17:09:00 GMT+0300 (Москва, стандартное время),304.8,304.8,304.78,304.79,8534
Tue Feb 03 2026 17:10:00 GMT+0300 (Москва, стандартное время),304.79,304.8,304.78,304.79,8289
Tue Feb 03 2026 17:11:00 GMT+0300 (Москва, стандартное время),304.79,304.8,304.78,304.8,4015
Tue Feb 03 2026 17:12:00 GMT+0300 (Москва, стандартное время),304.8,304.8,304.78,304.8,4418
Tue Feb 03 2026 17:13:00 GMT+0300 (Москва, стандартное время),304.8,304.8,304.73,304.78,12014
Tue Feb 03 2026 17:14:00 GMT+0300 (Москва, стандартное время),304.79,304.8,304.78,304.79,7500
Tue Feb 03 2026 17:15:00 GMT+0300 (Москва, стандартное время),304.79,304.8,304.75,304.78,9471
Tue Feb 03 2026 17:16:00 GMT+0300 (Москва, стандартное время),304.77,304.81,304.72,304.79,16928
Tue Feb 03 2026 17:17:00 GMT+0300 (Москва, стандартное время),304.8,304.81,304.75,304.76,6566
Tue Feb 03 2026 17:18:00 GMT+0300 (Москва, стандартное время),304.76,304.78,304.7,304.78,14145
Tue Feb 03 2026 17:19:00 GMT+0300 (Москва, стандартное время),304.75,304.8,304.75,304.79,7641
Tue Feb 03 2026 17:20:00 GMT+0300 (Москва, стандартное время),304.79,304.79,304.65,304.66,16248
Tue Feb 03 2026 17:21:00 GMT+0300 (Москва, стандартное время),304.66,304.74,304.65,304.7,5000
Tue Feb 03 2026 17:22:00 GMT+0300 (Москва, стандартное время),304.7,304.71,304.6,304.61,7105
Tue Feb 03 2026 17:23:00 GMT+0300 (Москва, стандартное время),304.61,304.68,304.46,304.68,44828
Tue Feb 03 2026 17:24:00 GMT+0300 (Москва, стандартное время),304.68,304.7,304.62,304.63,6320
Tue Feb 03 2026 17:25:00 GMT+0300 (Москва, стандартное время),304.63,304.69,304.57,304.65,9150
Tue Feb 03 2026 17:26:00 GMT+0300 (Москва, стандартное время),304.61,304.72,304.61,304.71,11247
Tue Feb 03 2026 17:27:00 GMT+0300 (Москва, стандартное время),304.71,304.73,304.7,304.7,18509
Tue Feb 03 2026 17:28:00 GMT+0300 (Москва, стандартное время),304.71,304.73,304.71,304.72,5642
Tue Feb 03 2026 17:29:00 GMT+0300 (Москва, стандартное время),304.72,304.76,304.7,304.75,7167
Tue Feb 03 2026 17:30:00 GMT+0300 (Москва, стандартное время),304.76,304.79,304.76,304.79,7893
Tue Feb 03 2026 17:31:00 GMT+0300 (Москва, стандартное время),304.79,304.81,304.76,304.8,14903
Tue Feb 03 2026 17:32:00 GMT+0300 (Москва, стандартное время),304.8,304.8,304.76,304.78,9724
Tue Feb 03 2026 17:33:00 GMT+0300 (Москва, стандартное время),304.78,304.8,304.75,304.75,26121
Tue Feb 03 2026 17:34:00 GMT+0300 (Москва, стандартное время),304.76,304.79,304.71,304.76,10056
Tue Feb 03 2026 17:35:00 GMT+0300 (Москва, стандартное время),304.76,304.81,304.76,304.8,15731
Tue Feb 03 2026 17:36:00 GMT+0300 (Москва, стандартное время),304.8,304.8,304.76,304.8,13108
Tue Feb 03 2026 17:37:00 GMT+0300 (Москва, стандартное время),304.8,304.8,304.77,304.8,13834
Tue Feb 03 2026 17:38:00 GMT+0300 (Москва, стандартное время),304.78,304.8,304.7,304.77,15203
Tue Feb 03 2026 17:39:00 GMT+0300 (Москва, стандартное время),304.7,304.77,304.57,304.71,38420
Tue Feb 03 2026 17:40:00 GMT+0300 (Москва, стандартное время),304.7,304.8,304.55,304.61,37994
Tue Feb 03 2026 17:41:00 GMT+0300 (Москва, стандартное время),304.6,304.79,304.6,304.76,22023
Tue Feb 03 2026 17:42:00 GMT+0300 (Москва, стандартное время),304.76,304.78,304.72,304.77,13178
Tue Feb 03 2026 17:43:00 GMT+0300 (Москва, стандартное время),304.77,304.8,304.72,304.8,13634
Tue Feb 03 2026 17:44:00 GMT+0300 (Москва, стандартное время),304.8,304.8,304.73,304.75,14177
Tue Feb 03 2026 17:45:00 GMT+0300 (Москва, стандартное время),304.75,304.79,304.73,304.79,10592
Tue Feb 03 2026 17:46:00 GMT+0300 (Москва, стандартное время),304.79,304.79,304.78,304.79,42107
Tue Feb 03 2026 17:47:00 GMT+0300 (Москва, стандартное время),304.78,304.79,304.78,304.79,21255
Tue Feb 03 2026 17:48:00 GMT+0300 (Москва, стандартное время),304.79,304.81,304.78,304.8,74157
Tue Feb 03 2026 17:49:00 GMT+0300 (Москва, стандартное время),304.81,304.81,304.79,304.8,35180
Tue Feb 03 2026 17:50:00 GMT+0300 (Москва, стандартное время),304.8,304.81,304.79,304.81,16274
Tue Feb 03 2026 17:51:00 GMT+0300 (Москва, стандартное время),304.81,304.81,304.69,304.77,36939
Tue Feb 03 2026 17:52:00 GMT+0300 (Москва, стандартное время),304.74,304.81,304.73,304.8,21084
Tue Feb 03 2026 17:53:00 GMT+0300 (Москва, стандартное время),304.8,304.81,304.79,304.8,19972
Tue Feb 03 2026 17:54:00 GMT+0300 (Москва, стандартное время),304.81,304.81,304.8,304.81,6040
Tue Feb 03 2026 17:55:00 GMT+0300 (Москва, стандартное время),304.81,304.81,304.76,304.8,11154
Tue Feb 03 2026 17:56:00 GMT+0300 (Москва, стандартное время),304.8,304.81,304.77,304.77,8659
Tue Feb 03 2026 17:57:00 GMT+0300 (Москва, стандартное время),304.79,304.79,304.75,304.76,4050
Tue Feb 03 2026 17:58:00 GMT+0300 (Москва, стандартное время),304.76,304.79,304.75,304.79,3512
Tue Feb 03 2026 17:59:00 GMT+0300 (Москва, стандартное время),304.78,304.79,304.74,304.74,16564
Tue Feb 03 2026 18:00:00 GMT+0300 (Москва, стандартное время),304.74,304.75,304.7,304.71,6341
Tue Feb 03 2026 18:01:00 GMT+0300 (Москва, стандартное время),304.72,304.78,304.7,304.78,11338
Tue Feb 03 2026 18:02:00 GMT+0300 (Москва, стандартное время),304.78,304.79,304.7,304.72,8394
Tue Feb 03 2026 18:03:00 GMT+0300 (Москва, стандартное время),304.71,304.71,304.63,304.63,15847
Tue Feb 03 2026 18:04:00 GMT+0300 (Москва, стандартное время),304.63,304.64,304.57,304.64,19647
Tue Feb 03 2026 18:05:00 GMT+0300 (Москва, стандартное время),304.64,304.68,304.62,304.63,16534
Tue Feb 03 2026 18:06:00 GMT+0300 (Москва, стандартное время),304.63,304.63,304.51,304.51,12971
Tue Feb 03 2026 18:07:00 GMT+0300 (Москва, стандартное время),304.51,304.51,304.45,304.46,13627
Tue Feb 03 2026 18:08:00 GMT+0300 (Москва, стандартное время),304.45,304.45,304.4,304.41,17419
Tue Feb 03 2026 18:09:00 GMT+0300 (Москва, стандартное время),304.4,304.42,304.37,304.37,15464
Tue Feb 03 2026 18:10:00 GMT+0300 (Москва, стандартное время),304.36,304.42,304.29,304.41,20485
Tue Feb 03 2026 18:11:00 GMT+0300 (Москва, стандартное время),304.41,304.41,304.24,304.28,12679
Tue Feb 03 2026 18:12:00 GMT+0300 (Москва, стандартное время),304.32,304.33,304.25,304.31,14017
Tue Feb 03 2026 18:13:00 GMT+0300 (Москва, стандартное время),304.32,304.32,304.21,304.25,11640
Tue Feb 03 2026 18:14:00 GMT+0300 (Москва, стандартное время),304.24,304.31,304.14,304.27,24855
Tue Feb 03 2026 18:15:00 GMT+0300 (Москва, стандартное время),304.27,304.37,304.23,304.34,64561
Tue Feb 03 2026 18:16:00 GMT+0300 (Москва, стандартное время),304.34,304.36,304.24,304.24,12704
Tue Feb 03 2026 18:17:00 GMT+0300 (Москва, стандартное время),304.23,304.26,304.2,304.22,14725
Tue Feb 03 2026 18:18:00 GMT+0300 (Москва, стандартное время),304.22,304.36,304.21,304.36,9852
Tue Feb 03 2026 18:19:00 GMT+0300 (Москва, стандартное время),304.36,304.37,304.24,304.24,12162
Tue Feb 03 2026 18:20:00 GMT+0300 (Москва, стандартное время),304.24,304.35,304.24,304.33,27445
Tue Feb 03 2026 18:21:00 GMT+0300 (Москва, стандартное время),304.33,304.33,304.24,304.25,12158
Tue Feb 03 2026 18:22:00 GMT+0300 (Москва, стандартное время),304.3,304.41,304.25,304.41,32774
Tue Feb 03 2026 18:23:00 GMT+0300 (Москва, стандартное время),304.41,304.55,304.4,304.48,74839
Tue Feb 03 2026 18:24:00 GMT+0300 (Москва, стандартное время),304.48,304.48,304.3,304.33,41732
Tue Feb 03 2026 18:25:00 GMT+0300 (Москва, стандартное время),304.33,304.38,304.33,304.37,9631
Tue Feb 03 2026 18:26:00 GMT+0300 (Москва, стандартное время),304.37,304.37,304.3,304.37,12362
Tue Feb 03 2026 18:27:00 GMT+0300 (Москва, стандартное время),304.37,304.4,304.36,304.36,83437
Tue Feb 03 2026 18:28:00 GMT+0300 (Москва, стандартное время),304.37,304.37,304.32,304.34,12658
Tue Feb 03 2026 18:29:00 GMT+0300 (Москва, стандартное время),304.34,304.38,304.31,304.32,9707
Tue Feb 03 2026 18:30:00 GMT+0300 (Москва, стандартное время),304.32,304.32,304.23,304.25,20258
Tue Feb 03 2026 18:31:00 GMT+0300 (Москва, стандартное время),304.24,304.3,304.24,304.29,8353
Tue Feb 03 2026 18:32:00 GMT+0300 (Москва, стандартное время),304.3,304.3,304.28,304.29,17972
Tue Feb 03 2026 18:33:00 GMT+0300 (Москва, стандартное время),304.29,304.29,304.27,304.28,10143
Tue Feb 03 2026 18:34:00 GMT+0300 (Москва, стандартное время),304.29,304.29,304.21,304.24,11448
Tue Feb 03 2026 18:35:00 GMT+0300 (Москва, стандартное время),304.24,304.4,304.24,304.37,32211
Tue Feb 03 2026 18:36:00 GMT+0300 (Москва, стандартное время),304.33,304.33,304.23,304.29,15068
Tue Feb 03 2026 18:37:00 GMT+0300 (Москва, стандартное время),304.25,304.25,304.06,304.19,109513
Tue Feb 03 2026 18:38:00 GMT+0300 (Москва, стандартное время),304.19,304.22,304.13,304.21,10465
Tue Feb 03 2026 18:39:00 GMT+0300 (Москва, стандартное время),304.22,304.22,304.1,304.22,18388
Tue Feb 03 2026 18:45:00 GMT+0300 (Москва, стандартное время),304.2,304.2,304.2,304.2,2022
Tue Feb 03 2026 18:46:00 GMT+0300 (Москва, стандартное время),304.2,304.2,304.2,304.2,1968
Tue Feb 03 2026 18:47:00 GMT+0300 (Москва, стандартное время),304.2,304.2,304.2,304.2,123
Tue Feb 03 2026 18:48:00 GMT+0300 (Москва, стандартное время),304.2,304.2,304.2,304.2,4
Tue Feb 03 2026 18:49:00 GMT+0300 (Москва, стандартное время),304.2,304.2,304.2,304.2,15
Tue Feb 03 2026 19:00:00 GMT+0300 (Москва, стандартное время),304.22,304.22,304.18,304.21,7648
Tue Feb 03 2026 19:01:00 GMT+0300 (Москва, стандартное время),304.21,304.21,303.6,303.82,112361
Tue Feb 03 2026 19:02:00 GMT+0300 (Москва, стандартное время),303.82,303.99,303.81,303.95,7705
Tue Feb 03 2026 19:03:00 GMT+0300 (Москва, стандартное время),303.94,304.13,303.94,304.12,17552
Tue Feb 03 2026 19:04:00 GMT+0300 (Москва, стандартное время),304.13,304.13,303.96,304,5661
Tue Feb 03 2026 19:05:00 GMT+0300 (Москва, стандартное время),304,304,303.99,303.99,42671
Tue Feb 03 2026 19:06:00 GMT+0300 (Москва, стандартное время),304,304,303.99,304,1096
Tue Feb 03 2026 19:07:00 GMT+0300 (Москва, стандартное время),304,304.09,303.99,304.07,2379
Tue Feb 03 2026 19:08:00 GMT+0300 (Москва, стандартное время),304.06,304.12,304.05,304.08,1558
Tue Feb 03 2026 19:09:00 GMT+0300 (Москва, стандартное время),304.11,304.12,304.08,304.09,1188
Tue Feb 03 2026 19:10:00 GMT+0300 (Москва, стандартное время),304.1,304.11,304.07,304.1,6396
Tue Feb 03 2026 19:11:00 GMT+0300 (Москва, стандартное время),304.1,304.15,304.05,304.14,11582
Tue Feb 03 2026 19:12:00 GMT+0300 (Москва, стандартное время),304.1,304.16,304.1,304.12,5321
Tue Feb 03 2026 19:13:00 GMT+0300 (Москва, стандартное время),304.12,304.13,304.06,304.11,2307
Tue Feb 03 2026 19:14:00 GMT+0300 (Москва, стандартное время),304.11,304.13,304.05,304.12,2296
Tue Feb 03 2026 19:15:00 GMT+0300 (Москва, стандартное время),304.12,304.16,304.1,304.16,2849
Tue Feb 03 2026 19:16:00 GMT+0300 (Москва, стандартное время),304.14,304.16,304.14,304.14,1891
Tue Feb 03 2026 19:17:00 GMT+0300 (Москва, стандартное время),304.14,304.15,304.12,304.13,3854
Tue Feb 03 2026 19:18:00 GMT+0300 (Москва, стандартное время),304.13,304.13,304.09,304.1,5423
Tue Feb 03 2026 19:19:00 GMT+0300 (Москва, стандартное время),304.1,304.1,304.03,304.07,6896
Tue Feb 03 2026 19:20:00 GMT+0300 (Москва, стандартное время),304.04,304.04,303.93,304.01,16621
Tue Feb 03 2026 19:21:00 GMT+0300 (Москва, стандартное время),303.98,304.03,303.92,303.97,9980
Tue Feb 03 2026 19:22:00 GMT+0300 (Москва, стандартное время),303.94,303.97,303.94,303.94,344
Tue Feb 03 2026 19:23:00 GMT+0300 (Москва, стандартное время),303.94,304,303.94,303.99,610
Tue Feb 03 2026 19:24:00 GMT+0300 (Москва, стандартное время),303.99,304,303.97,304,379
Tue Feb 03 2026 19:25:00 GMT+0300 (Москва, стандартное время),304,304.05,303.98,304.05,1631
Tue Feb 03 2026 19:26:00 GMT+0300 (Москва, стандартное время),304.06,304.11,304.04,304.11,294
Tue Feb 03 2026 19:27:00 GMT+0300 (Москва, стандартное время),304.11,304.13,304.1,304.13,3288
Tue Feb 03 2026 19:28:00 GMT+0300 (Москва, стандартное время),304.13,304.15,304.11,304.14,648
Tue Feb 03 2026 19:29:00 GMT+0300 (Москва, стандартное время),304.15,304.15,304.14,304.14,825
Tue Feb 03 2026 19:30:00 GMT+0300 (Москва, стандартное время),304.15,304.16,304.14,304.15,296
Tue Feb 03 2026 19:31:00 GMT+0300 (Москва, стандартное время),304.16,304.16,304.02,304.08,44171
Tue Feb 03 2026 19:32:00 GMT+0300 (Москва, стандартное время),304.07,304.1,304.05,304.05,631
Tue Feb 03 2026 19:33:00 GMT+0300 (Москва, стандартное время),304.08,304.08,304.03,304.03,14073
Tue Feb 03 2026 19:34:00 GMT+0300 (Москва, стандартное время),304.04,304.07,304.03,304.05,286
Tue Feb 03 2026 19:35:00 GMT+0300 (Москва, стандартное время),304.08,304.1,304.04,304.09,5871
Tue Feb 03 2026 19:36:00 GMT+0300 (Москва, стандартное время),304.09,304.14,304.09,304.14,749
Tue Feb 03 2026 19:37:00 GMT+0300 (Москва, стандартное время),304.14,304.15,304.13,304.15,345
Tue Feb 03 2026 19:38:00 GMT+0300 (Москва, стандартное время),304.14,304.15,304.11,304.15,2403
Tue Feb 03 2026 19:39:00 GMT+0300 (Москва, стандартное время),304.15,304.18,304.15,304.17,1395
Tue Feb 03 2026 19:40:00 GMT+0300 (Москва, стандартное время),304.17,304.21,304.17,304.21,5844
Tue Feb 03 2026 19:41:00 GMT+0300 (Москва, стандартное время),304.21,304.21,304.17,304.19,2295
Tue Feb 03 2026 19:42:00 GMT+0300 (Москва, стандартное время),304.19,304.22,304.19,304.22,1917
Tue Feb 03 2026 19:43:00 GMT+0300 (Москва, стандартное время),304.22,304.22,304.21,304.22,611
Tue Feb 03 2026 19:44:00 GMT+0300 (Москва, стандартное время),304.21,304.22,304.21,304.22,1119
Tue Feb 03 2026 19:45:00 GMT+0300 (Москва, стандартное время),304.22,304.22,304.21,304.22,476
Tue Feb 03 2026 19:46:00 GMT+0300 (Москва, стандартное время),304.22,304.22,304.21,304.22,746
Tue Feb 03 2026 19:47:00 GMT+0300 (Москва, стандартное время),304.22,304.22,304.21,304.21,779
Tue Feb 03 2026 19:48:00 GMT+0300 (Москва, стандартное время),304.22,304.22,304.21,304.22,517
Tue Feb 03 2026 19:49:00 GMT+0300 (Москва, стандартное время),304.21,304.24,304.21,304.23,1460
Tue Feb 03 2026 19:50:00 GMT+0300 (Москва, стандартное время),304.24,304.24,304.2,304.2,1398
Tue Feb 03 2026 19:51:00 GMT+0300 (Москва, стандартное время),304.22,304.22,304.17,304.17,1354
Tue Feb 03 2026 19:52:00 GMT+0300 (Москва, стандартное время),304.18,304.22,304.17,304.2,5040
Tue Feb 03 2026 19:53:00 GMT+0300 (Москва, стандартное время),304.2,304.2,304.19,304.2,295
Tue Feb 03 2026 19:54:00 GMT+0300 (Москва, стандартное время),304.19,304.19,304.17,304.18,3594
Tue Feb 03 2026 19:55:00 GMT+0300 (Москва, стандартное время),304.18,304.18,304.17,304.18,1664
Tue Feb 03 2026 19:56:00 GMT+0300 (Москва, стандартное время),304.18,304.18,304.15,304.16,3939
Tue Feb 03 2026 19:57:00 GMT+0300 (Москва, стандартное время),304.16,304.16,304.08,304.09,9524
Tue Feb 03 2026 19:58:00 GMT+0300 (Москва, стандартное время),304.09,304.09,304.08,304.09,5144
Tue Feb 03 2026 19:59:00 GMT+0300 (Москва, стандартное время),304.09,304.09,304.08,304.09,634
Tue Feb 03 2026 20:00:00 GMT+0300 (Москва, стандартное время),304.08,304.08,303.83,303.87,126981
Tue Feb 03 2026 20:01:00 GMT+0300 (Москва, стандартное время),303.87,303.88,303.84,303.88,7705
Tue Feb 03 2026 20:02:00 GMT+0300 (Москва, стандартное время),303.88,303.93,303.87,303.93,1251
Tue Feb 03 2026 20:03:00 GMT+0300 (Москва, стандартное время),303.91,303.93,303.86,303.91,16942
Tue Feb 03 2026 20:04:00 GMT+0300 (Москва, стандартное время),303.87,303.93,303.87,303.93,431
Tue Feb 03 2026 20:05:00 GMT+0300 (Москва, стандартное время),303.93,303.97,303.9,303.95,4758
Tue Feb 03 2026 20:06:00 GMT+0300 (Москва, стандартное время),303.92,303.92,303.9,303.9,3187
Tue Feb 03 2026 20:07:00 GMT+0300 (Москва, стандартное время),303.9,303.91,303.9,303.91,1273
Tue Feb 03 2026 20:08:00 GMT+0300 (Москва, стандартное время),303.91,303.91,303.87,303.87,7819
Tue Feb 03 2026 20:09:00 GMT+0300 (Москва, стандартное время),303.87,303.91,303.85,303.91,18660
Tue Feb 03 2026 20:10:00 GMT+0300 (Москва, стандартное время),303.85,303.91,303.85,303.85,16581
Tue Feb 03 2026 20:11:00 GMT+0300 (Москва, стандартное время),303.85,303.91,303.85,303.89,9539
Tue Feb 03 2026 20:12:00 GMT+0300 (Москва, стандартное время),303.89,303.89,303.88,303.89,3190
Tue Feb 03 2026 20:13:00 GMT+0300 (Москва, стандартное время),303.89,304,303.88,304,12371
Tue Feb 03 2026 20:14:00 GMT+0300 (Москва, стандартное время),303.99,304.04,303.99,304.04,1222
Tue Feb 03 2026 20:15:00 GMT+0300 (Москва, стандартное время),304.04,304.07,304.03,304.05,765
Tue Feb 03 2026 20:16:00 GMT+0300 (Москва, стандартное время),304.05,304.07,304.04,304.07,502
Tue Feb 03 2026 20:17:00 GMT+0300 (Москва, стандартное время),304.05,304.09,304.05,304.09,396
Tue Feb 03 2026 20:18:00 GMT+0300 (Москва, стандартное время),304.09,304.09,304.04,304.09,444
Tue Feb 03 2026 20:19:00 GMT+0300 (Москва, стандартное время),304.09,304.09,304.04,304.05,1803
Tue Feb 03 2026 20:20:00 GMT+0300 (Москва, стандартное время),304.05,304.05,304.04,304.04,944
Tue Feb 03 2026 20:21:00 GMT+0300 (Москва, стандартное время),304.04,304.04,303.96,303.96,13490
Tue Feb 03 2026 20:22:00 GMT+0300 (Москва, стандартное время),303.97,303.97,303.88,303.89,5470
Tue Feb 03 2026 20:23:00 GMT+0300 (Москва, стандартное время),303.89,303.89,303.84,303.88,9761
Tue Feb 03 2026 20:24:00 GMT+0300 (Москва, стандартное время),303.88,303.88,303.86,303.88,851
Tue Feb 03 2026 20:25:00 GMT+0300 (Москва, стандартное время),303.88,303.92,303.87,303.91,4182
Tue Feb 03 2026 20:26:00 GMT+0300 (Москва, стандартное время),303.91,303.92,303.88,303.91,170
Tue Feb 03 2026 20:27:00 GMT+0300 (Москва, стандартное время),303.9,303.91,303.9,303.91,128
Tue Feb 03 2026 20:28:00 GMT+0300 (Москва, стандартное время),303.91,303.91,303.9,303.91,250
Tue Feb 03 2026 20:29:00 GMT+0300 (Москва, стандартное время),303.91,303.91,303.9,303.91,444
Tue Feb 03 2026 20:30:00 GMT+0300 (Москва, стандартное время),303.9,303.91,303.9,303.9,993
Tue Feb 03 2026 20:31:00 GMT+0300 (Москва, стандартное время),303.91,303.91,303.85,303.88,5052
Tue Feb 03 2026 20:32:00 GMT+0300 (Москва, стандартное время),303.87,303.88,303.86,303.88,229
Tue Feb 03 2026 20:33:00 GMT+0300 (Москва, стандартное время),303.87,303.9,303.84,303.89,8218
Tue Feb 03 2026 20:34:00 GMT+0300 (Москва, стандартное время),303.89,303.89,303.88,303.88,486
Tue Feb 03 2026 20:35:00 GMT+0300 (Москва, стандартное время),303.89,303.89,303.88,303.89,596
Tue Feb 03 2026 20:36:00 GMT+0300 (Москва, стандартное время),303.89,303.99,303.89,303.92,9969
Tue Feb 03 2026 20:37:00 GMT+0300 (Москва, стандартное время),303.92,303.92,303.9,303.91,1307
Tue Feb 03 2026 20:38:00 GMT+0300 (Москва, стандартное время),303.91,303.91,303.86,303.9,1122
Tue Feb 03 2026 20:39:00 GMT+0300 (Москва, стандартное время),303.9,303.92,303.86,303.91,1241
Tue Feb 03 2026 20:40:00 GMT+0300 (Москва, стандартное время),303.91,303.91,303.86,303.91,505
Tue Feb 03 2026 20:41:00 GMT+0300 (Москва, стандартное время),303.91,303.91,303.7,303.7,15815
Tue Feb 03 2026 20:42:00 GMT+0300 (Москва, стандартное время),303.71,303.71,303.65,303.66,13179
Tue Feb 03 2026 20:43:00 GMT+0300 (Москва, стандартное время),303.66,303.67,303.65,303.66,3293
Tue Feb 03 2026 20:44:00 GMT+0300 (Москва, стандартное время),303.66,303.66,303.65,303.65,2800
Tue Feb 03 2026 20:45:00 GMT+0300 (Москва, стандартное время),303.65,303.65,303.63,303.64,1120
Tue Feb 03 2026 20:46:00 GMT+0300 (Москва, стандартное время),303.64,303.79,303.64,303.74,9559
Tue Feb 03 2026 20:47:00 GMT+0300 (Москва, стандартное время),303.74,303.75,303.65,303.74,10866
Tue Feb 03 2026 20:48:00 GMT+0300 (Москва, стандартное время),303.74,303.79,303.74,303.79,5880
Tue Feb 03 2026 20:49:00 GMT+0300 (Москва, стандартное время),303.79,303.8,303.79,303.8,4284
Tue Feb 03 2026 20:50:00 GMT+0300 (Москва, стандартное время),303.81,303.88,303.81,303.82,2651
Tue Feb 03 2026 20:51:00 GMT+0300 (Москва, стандартное время),303.82,303.83,303.82,303.83,175
Tue Feb 03 2026 20:52:00 GMT+0300 (Москва, стандартное время),303.82,303.82,303.75,303.75,3040
Tue Feb 03 2026 20:53:00 GMT+0300 (Москва, стандартное время),303.75,303.8,303.75,303.75,7827
Tue Feb 03 2026 20:54:00 GMT+0300 (Москва, стандартное время),303.75,303.78,303.75,303.76,3263
Tue Feb 03 2026 20:55:00 GMT+0300 (Москва, стандартное время),303.76,303.76,303.74,303.75,5272
Tue Feb 03 2026 20:56:00 GMT+0300 (Москва, стандартное время),303.75,303.75,303.71,303.71,686
Tue Feb 03 2026 20:57:00 GMT+0300 (Москва, стандартное время),303.72,303.72,303.68,303.71,1476
Tue Feb 03 2026 20:58:00 GMT+0300 (Москва, стандартное время),303.71,303.73,303.7,303.73,2406
Tue Feb 03 2026 20:59:00 GMT+0300 (Москва, стандартное время),303.73,303.74,303.7,303.7,420
Tue Feb 03 2026 21:00:00 GMT+0300 (Москва, стандартное время),303.71,303.71,303.67,303.68,2181
Tue Feb 03 2026 21:01:00 GMT+0300 (Москва, стандартное время),303.68,303.68,303.63,303.64,4640
Tue Feb 03 2026 21:02:00 GMT+0300 (Москва, стандартное время),303.64,303.65,303.6,303.64,18096
Tue Feb 03 2026 21:03:00 GMT+0300 (Москва, стандартное время),303.65,303.65,303.64,303.65,535
Tue Feb 03 2026 21:04:00 GMT+0300 (Москва, стандартное время),303.64,303.74,303.64,303.74,1327
Tue Feb 03 2026 21:05:00 GMT+0300 (Москва, стандартное время),303.74,303.74,303.73,303.74,529
Tue Feb 03 2026 21:06:00 GMT+0300 (Москва, стандартное время),303.74,303.74,303.73,303.73,681
Tue Feb 03 2026 21:07:00 GMT+0300 (Москва, стандартное время),303.73,303.75,303.73,303.74,635
Tue Feb 03 2026 21:08:00 GMT+0300 (Москва, стандартное время),303.75,303.88,303.74,303.86,23279
Tue Feb 03 2026 21:09:00 GMT+0300 (Москва, стандартное время),303.86,303.87,303.85,303.86,358
Tue Feb 03 2026 21:10:00 GMT+0300 (Москва, стандартное время),303.87,303.87,303.81,303.87,544
Tue Feb 03 2026 21:11:00 GMT+0300 (Москва, стандартное время),303.87,303.88,303.83,303.87,402
Tue Feb 03 2026 21:12:00 GMT+0300 (Москва, стандартное время),303.87,303.91,303.84,303.91,2394
Tue Feb 03 2026 21:13:00 GMT+0300 (Москва, стандартное время),303.91,303.91,303.9,303.9,517
Tue Feb 03 2026 21:14:00 GMT+0300 (Москва, стандартное время),303.91,303.94,303.88,303.93,2148
Tue Feb 03 2026 21:15:00 GMT+0300 (Москва, стандартное время),303.93,303.93,303.89,303.9,2398
Tue Feb 03 2026 21:16:00 GMT+0300 (Москва, стандартное время),303.9,303.91,303.89,303.91,143
Tue Feb 03 2026 21:17:00 GMT+0300 (Москва, стандартное время),303.91,303.92,303.9,303.91,1044
Tue Feb 03 2026 21:18:00 GMT+0300 (Москва, стандартное время),303.9,303.94,303.9,303.94,313
Tue Feb 03 2026 21:19:00 GMT+0300 (Москва, стандартное время),303.92,303.94,303.92,303.94,228
Tue Feb 03 2026 21:20:00 GMT+0300 (Москва, стандартное время),303.94,303.94,303.93,303.94,461
Tue Feb 03 2026 21:21:00 GMT+0300 (Москва, стандартное время),303.94,303.96,303.93,303.96,4144
Tue Feb 03 2026 21:22:00 GMT+0300 (Москва, стандартное время),303.94,303.96,303.94,303.95,287
Tue Feb 03 2026 21:23:00 GMT+0300 (Москва, стандартное время),303.95,303.95,303.94,303.94,696
Tue Feb 03 2026 21:24:00 GMT+0300 (Москва, стандартное время),303.94,303.94,303.93,303.94,697
Tue Feb 03 2026 21:25:00 GMT+0300 (Москва, стандартное время),303.94,303.95,303.92,303.93,846
Tue Feb 03 2026 21:26:00 GMT+0300 (Москва, стандартное время),303.95,303.97,303.94,303.95,130
Tue Feb 03 2026 21:27:00 GMT+0300 (Москва, стандартное время),303.96,303.96,303.93,303.94,385
Tue Feb 03 2026 21:28:00 GMT+0300 (Москва, стандартное время),303.94,303.94,303.93,303.94,218
Tue Feb 03 2026 21:29:00 GMT+0300 (Москва, стандартное время),303.94,303.96,303.93,303.96,2817
Tue Feb 03 2026 21:30:00 GMT+0300 (Москва, стандартное время),303.96,303.96,303.94,303.94,1647
Tue Feb 03 2026 21:31:00 GMT+0300 (Москва, стандартное время),303.95,303.95,303.94,303.94,352
Tue Feb 03 2026 21:32:00 GMT+0300 (Москва, стандартное время),303.95,303.95,303.94,303.95,396
Tue Feb 03 2026 21:33:00 GMT+0300 (Москва, стандартное время),303.94,303.95,303.94,303.94,870
Tue Feb 03 2026 21:34:00 GMT+0300 (Москва, стандартное время),303.95,303.95,303.9,303.9,2034
Tue Feb 03 2026 21:35:00 GMT+0300 (Москва, стандартное время),303.9,303.9,303.87,303.88,1200
Tue Feb 03 2026 21:36:00 GMT+0300 (Москва, стандартное время),303.89,303.89,303.87,303.89,1527
Tue Feb 03 2026 21:37:00 GMT+0300 (Москва, стандартное время),303.89,303.9,303.88,303.89,618
Tue Feb 03 2026 21:38:00 GMT+0300 (Москва, стандартное время),303.9,303.9,303.87,303.9,1162
Tue Feb 03 2026 21:39:00 GMT+0300 (Москва, стандартное время),303.9,303.94,303.88,303.91,2908
Tue Feb 03 2026 21:40:00 GMT+0300 (Москва, стандартное время),303.91,303.96,303.91,303.95,7412
Tue Feb 03 2026 21:41:00 GMT+0300 (Москва, стандартное время),303.95,303.97,303.95,303.96,335
Tue Feb 03 2026 21:42:00 GMT+0300 (Москва, стандартное время),303.96,303.98,303.95,303.98,18688
Tue Feb 03 2026 21:43:00 GMT+0300 (Москва, стандартное время),303.98,304.02,303.98,304.01,11987
Tue Feb 03 2026 21:44:00 GMT+0300 (Москва, стандартное время),304.01,304.01,304,304.01,198
Tue Feb 03 2026 21:45:00 GMT+0300 (Москва, стандартное время),304.01,304.01,304,304.01,3159
Tue Feb 03 2026 21:46:00 GMT+0300 (Москва, стандартное время),304.01,304.01,304,304.01,142
Tue Feb 03 2026 21:47:00 GMT+0300 (Москва, стандартное время),304.01,304.01,304,304.01,810
Tue Feb 03 2026 21:48:00 GMT+0300 (Москва, стандартное время),304.01,304.01,304,304.01,2839
Tue Feb 03 2026 21:49:00 GMT+0300 (Москва, стандартное время),304.01,304.02,304,304.01,4230
Tue Feb 03 2026 21:50:00 GMT+0300 (Москва, стандартное время),304.01,304.02,304.01,304.01,3775
Tue Feb 03 2026 21:51:00 GMT+0300 (Москва, стандартное время),304.01,304.02,304.01,304.02,233
Tue Feb 03 2026 21:52:00 GMT+0300 (Москва, стандартное время),304.01,304.1,303.8,303.85,219260
Tue Feb 03 2026 21:53:00 GMT+0300 (Москва, стандартное время),303.85,303.94,303.82,303.94,26599
Tue Feb 03 2026 21:54:00 GMT+0300 (Москва, стандартное время),303.94,304.1,303.93,304.1,55111
Tue Feb 03 2026 21:55:00 GMT+0300 (Москва, стандартное время),304.1,304.27,304.09,304.19,28158
Tue Feb 03 2026 21:56:00 GMT+0300 (Москва, стандартное время),304.19,304.34,304.19,304.33,35195
Tue Feb 03 2026 21:57:00 GMT+0300 (Москва, стандартное время),304.32,304.33,304.2,304.21,2476
Tue Feb 03 2026 21:58:00 GMT+0300 (Москва, стандартное время),304.2,304.21,304.17,304.18,599
Tue Feb 03 2026 21:59:00 GMT+0300 (Москва, стандартное время),304.18,304.18,304.17,304.17,100
Tue Feb 03 2026 22:00:00 GMT+0300 (Москва, стандартное время),304.18,304.18,304.17,304.18,1463
Tue Feb 03 2026 22:01:00 GMT+0300 (Москва, стандартное время),304.17,304.18,304.17,304.18,327
Tue Feb 03 2026 22:02:00 GMT+0300 (Москва, стандартное время),304.18,304.18,304.17,304.18,379
Tue Feb 03 2026 22:03:00 GMT+0300 (Москва, стандартное время),304.17,304.22,304.17,304.21,1117
Tue Feb 03 2026 22:04:00 GMT+0300 (Москва, стандартное время),304.22,304.22,304.19,304.19,361
Tue Feb 03 2026 22:05:00 GMT+0300 (Москва, стандартное время),304.2,304.2,304.19,304.2,159
Tue Feb 03 2026 22:06:00 GMT+0300 (Москва, стандартное время),304.19,304.2,304.19,304.19,94
Tue Feb 03 2026 22:07:00 GMT+0300 (Москва, стандартное время),304.2,304.2,304.19,304.2,529
Tue Feb 03 2026 22:08:00 GMT+0300 (Москва, стандартное время),304.2,304.2,304.19,304.2,265
Tue Feb 03 2026 22:09:00 GMT+0300 (Москва, стандартное время),304.2,304.2,304.19,304.19,1006
Tue Feb 03 2026 22:10:00 GMT+0300 (Москва, стандартное время),304.18,304.19,304.13,304.13,2015
Tue Feb 03 2026 22:11:00 GMT+0300 (Москва, стандартное время),304.14,304.14,304.04,304.09,21343
Tue Feb 03 2026 22:12:00 GMT+0300 (Москва, стандартное время),304.09,304.09,304.06,304.08,2504
Tue Feb 03 2026 22:13:00 GMT+0300 (Москва, стандартное время),304.07,304.09,304,304,14616
Tue Feb 03 2026 22:14:00 GMT+0300 (Москва, стандартное время),304,304,303.99,304,10859
Tue Feb 03 2026 22:15:00 GMT+0300 (Москва, стандартное время),304,304.09,303.99,304.08,1408
Tue Feb 03 2026 22:16:00 GMT+0300 (Москва, стандартное время),304.08,304.08,304.05,304.08,326
Tue Feb 03 2026 22:17:00 GMT+0300 (Москва, стандартное время),304.08,304.08,304.05,304.08,187
Tue Feb 03 2026 22:18:00 GMT+0300 (Москва, стандартное время),304.05,304.08,304.02,304.08,3081
Tue Feb 03 2026 22:19:00 GMT+0300 (Москва, стандартное время),304.08,304.08,304.06,304.08,2260
Tue Feb 03 2026 22:20:00 GMT+0300 (Москва, стандартное время),304.08,304.09,304.06,304.06,2776
Tue Feb 03 2026 22:21:00 GMT+0300 (Москва, стандартное время),304.08,304.08,304.08,304.08,173
Tue Feb 03 2026 22:22:00 GMT+0300 (Москва, стандартное время),304.08,304.08,304.06,304.07,582
Tue Feb 03 2026 22:23:00 GMT+0300 (Москва, стандартное время),304.06,304.09,304.06,304.07,168
Tue Feb 03 2026 22:24:00 GMT+0300 (Москва, стандартное время),304.09,304.09,304.06,304.06,248
Tue Feb 03 2026 22:25:00 GMT+0300 (Москва, стандартное время),304.08,304.09,304.07,304.08,212
Tue Feb 03 2026 22:26:00 GMT+0300 (Москва, стандартное время),304.09,304.09,304.08,304.09,2325
Tue Feb 03 2026 22:27:00 GMT+0300 (Москва, стандартное время),304.09,304.09,304.06,304.07,4501
Tue Feb 03 2026 22:28:00 GMT+0300 (Москва, стандартное время),304.06,304.08,304.06,304.08,161
Tue Feb 03 2026 22:29:00 GMT+0300 (Москва, стандартное время),304.08,304.09,304.07,304.09,349
Tue Feb 03 2026 22:30:00 GMT+0300 (Москва, стандартное время),304.07,304.07,304.06,304.06,1118
Tue Feb 03 2026 22:31:00 GMT+0300 (Москва, стандартное время),304.06,304.06,304.04,304.06,348
Tue Feb 03 2026 22:32:00 GMT+0300 (Москва, стандартное время),304.06,304.06,304.05,304.05,379
Tue Feb 03 2026 22:33:00 GMT+0300 (Москва, стандартное время),304.04,304.04,304.03,304.04,2308
Tue Feb 03 2026 22:34:00 GMT+0300 (Москва, стандартное время),304.04,304.05,304,304.03,1736
Tue Feb 03 2026 22:35:00 GMT+0300 (Москва, стандартное время),304.03,304.03,304.02,304.03,215
Tue Feb 03 2026 22:36:00 GMT+0300 (Москва, стандартное время),304.03,304.03,304.02,304.03,356
Tue Feb 03 2026 22:37:00 GMT+0300 (Москва, стандартное время),304.03,304.05,304.03,304.05,2428
Tue Feb 03 2026 22:38:00 GMT+0300 (Москва, стандартное время),304.05,304.05,304.04,304.05,1105
Tue Feb 03 2026 22:39:00 GMT+0300 (Москва, стандартное время),304.05,304.09,304.04,304.08,4449
Tue Feb 03 2026 22:40:00 GMT+0300 (Москва, стандартное время),304.08,304.08,304.06,304.07,734
Tue Feb 03 2026 22:41:00 GMT+0300 (Москва, стандартное время),304.07,304.07,304.06,304.06,845
Tue Feb 03 2026 22:42:00 GMT+0300 (Москва, стандартное время),304.06,304.07,304.04,304.06,549
Tue Feb 03 2026 22:43:00 GMT+0300 (Москва, стандартное время),304.06,304.07,304,304,42442
Tue Feb 03 2026 22:44:00 GMT+0300 (Москва, стандартное время),303.99,304,303.96,303.99,449
Tue Feb 03 2026 22:45:00 GMT+0300 (Москва, стандартное время),303.99,304.05,303.96,304.03,91
Tue Feb 03 2026 22:46:00 GMT+0300 (Москва, стандартное время),304.03,304.03,303.94,303.95,24600
Tue Feb 03 2026 22:47:00 GMT+0300 (Москва, стандартное время),303.95,303.99,303.95,303.98,435
Tue Feb 03 2026 22:48:00 GMT+0300 (Москва, стандартное время),304.01,304.01,303.96,304,262
Tue Feb 03 2026 22:49:00 GMT+0300 (Москва, стандартное время),303.96,304.01,303.96,303.96,1015
Tue Feb 03 2026 22:50:00 GMT+0300 (Москва, стандартное время),304,304.01,303.96,303.99,1440
Tue Feb 03 2026 22:51:00 GMT+0300 (Москва, стандартное время),303.99,303.99,303.96,303.99,329
Tue Feb 03 2026 22:52:00 GMT+0300 (Москва, стандартное время),303.99,303.99,303.92,303.98,7841
Tue Feb 03 2026 22:53:00 GMT+0300 (Москва, стандартное время),303.97,303.98,303.9,303.91,20298
Tue Feb 03 2026 22:54:00 GMT+0300 (Москва, стандартное время),303.91,303.91,303.9,303.91,703
Tue Feb 03 2026 22:55:00 GMT+0300 (Москва, стандартное время),303.91,303.94,303.91,303.91,85
Tue Feb 03 2026 22:56:00 GMT+0300 (Москва, стандартное время),303.92,303.92,303.92,303.92,101
Tue Feb 03 2026 22:57:00 GMT+0300 (Москва, стандартное время),303.91,303.91,303.9,303.91,185
Tue Feb 03 2026 22:58:00 GMT+0300 (Москва, стандартное время),303.9,303.92,303.9,303.92,450
Tue Feb 03 2026 22:59:00 GMT+0300 (Москва, стандартное время),303.91,303.92,303.9,303.91,215
Tue Feb 03 2026 23:00:00 GMT+0300 (Москва, стандартное время),303.9,303.91,303.9,303.91,532
Tue Feb 03 2026 23:01:00 GMT+0300 (Москва, стандартное время),303.91,303.91,303.9,303.91,261
Tue Feb 03 2026 23:02:00 GMT+0300 (Москва, стандартное время),303.91,303.91,303.9,303.91,201
Tue Feb 03 2026 23:03:00 GMT+0300 (Москва, стандартное время),303.9,303.91,303.9,303.91,425
Tue Feb 03 2026 23:04:00 GMT+0300 (Москва, стандартное время),303.91,303.91,303.9,303.9,322
Tue Feb 03 2026 23:05:00 GMT+0300 (Москва, стандартное время),303.91,303.91,303.9,303.91,438
Tue Feb 03 2026 23:06:00 GMT+0300 (Москва, стандартное время),303.91,303.91,303.88,303.89,10468
Tue Feb 03 2026 23:07:00 GMT+0300 (Москва, стандартное время),303.88,303.9,303.88,303.89,1717
Tue Feb 03 2026 23:08:00 GMT+0300 (Москва, стандартное время),303.89,303.89,303.87,303.88,2072
Tue Feb 03 2026 23:09:00 GMT+0300 (Москва, стандартное время),303.87,303.87,303.72,303.81,25544
Tue Feb 03 2026 23:10:00 GMT+0300 (Москва, стандартное время),303.81,303.81,303.76,303.8,26736
Tue Feb 03 2026 23:11:00 GMT+0300 (Москва, стандартное время),303.79,303.88,303.77,303.81,2484
Tue Feb 03 2026 23:12:00 GMT+0300 (Москва, стандартное время),303.87,303.87,303.8,303.87,773
Tue Feb 03 2026 23:13:00 GMT+0300 (Москва, стандартное время),303.87,303.87,303.81,303.87,144
Tue Feb 03 2026 23:14:00 GMT+0300 (Москва, стандартное время),303.87,303.87,303.81,303.87,543
Tue Feb 03 2026 23:15:00 GMT+0300 (Москва, стандартное время),303.87,303.87,303.8,303.8,3351
Tue Feb 03 2026 23:16:00 GMT+0300 (Москва, стандартное время),303.8,303.8,303.78,303.8,42
Tue Feb 03 2026 23:17:00 GMT+0300 (Москва, стандартное время),303.8,303.8,303.78,303.8,1777
Tue Feb 03 2026 23:18:00 GMT+0300 (Москва, стандартное время),303.8,303.8,303.78,303.78,1600
Tue Feb 03 2026 23:19:00 GMT+0300 (Москва, стандартное время),303.8,303.8,303.74,303.74,6980
Tue Feb 03 2026 23:20:00 GMT+0300 (Москва, стандартное время),303.78,303.8,303.76,303.8,1856
Tue Feb 03 2026 23:21:00 GMT+0300 (Москва, стандартное время),303.79,303.88,303.79,303.85,5706
Tue Feb 03 2026 23:22:00 GMT+0300 (Москва, стандартное время),303.88,303.9,303.86,303.86,95
Tue Feb 03 2026 23:23:00 GMT+0300 (Москва, стандартное время),303.9,303.91,303.81,303.81,2445
Tue Feb 03 2026 23:24:00 GMT+0300 (Москва, стандартное время),303.86,303.86,303.8,303.83,6289
Tue Feb 03 2026 23:25:00 GMT+0300 (Москва, стандартное время),303.8,303.81,303.6,303.63,45976
Tue Feb 03 2026 23:26:00 GMT+0300 (Москва, стандартное время),303.69,303.72,303.63,303.66,1725
Tue Feb 03 2026 23:27:00 GMT+0300 (Москва, стандартное время),303.68,303.72,303.67,303.72,1236
Tue Feb 03 2026 23:28:00 GMT+0300 (Москва, стандартное время),303.69,303.74,303.6,303.69,14114
Tue Feb 03 2026 23:29:00 GMT+0300 (Москва, стандартное время),303.69,303.7,303.63,303.69,924
Tue Feb 03 2026 23:30:00 GMT+0300 (Москва, стандартное время),303.69,303.73,303.66,303.69,785
Tue Feb 03 2026 23:31:00 GMT+0300 (Москва, стандартное время),303.67,303.69,303.65,303.66,6234
Tue Feb 03 2026 23:32:00 GMT+0300 (Москва, стандартное время),303.66,303.71,303.65,303.7,2311
Tue Feb 03 2026 23:33:00 GMT+0300 (Москва, стандартное время),303.7,303.7,303.55,303.6,14974
Tue Feb 03 2026 23:34:00 GMT+0300 (Москва, стандартное время),303.6,303.62,303.57,303.62,2587
Tue Feb 03 2026 23:35:00 GMT+0300 (Москва, стандартное время),303.6,303.64,303.56,303.64,5010
Tue Feb 03 2026 23:36:00 GMT+0300 (Москва, стандартное время),303.64,303.64,303.5,303.51,26866
Tue Feb 03 2026 23:37:00 GMT+0300 (Москва, стандартное время),303.51,303.67,303.5,303.67,9801
Tue Feb 03 2026 23:38:00 GMT+0300 (Москва, стандартное время),303.67,303.67,303.53,303.67,168
Tue Feb 03 2026 23:39:00 GMT+0300 (Москва, стандартное время),303.67,303.67,303.59,303.67,992
Tue Feb 03 2026 23:40:00 GMT+0300 (Москва, стандартное время),303.67,303.71,303.6,303.69,331
Tue Feb 03 2026 23:41:00 GMT+0300 (Москва, стандартное время),303.69,303.72,303.69,303.72,1049
Tue Feb 03 2026 23:42:00 GMT+0300 (Москва, стандартное время),303.72,303.77,303.7,303.75,3822
Tue Feb 03 2026 23:43:00 GMT+0300 (Москва, стандартное время),303.75,303.78,303.62,303.78,14584
Tue Feb 03 2026 23:44:00 GMT+0300 (Москва, стандартное время),303.78,303.8,303.7,303.7,2990
Tue Feb 03 2026 23:45:00 GMT+0300 (Москва, стандартное время),303.79,303.8,303.68,303.78,1626
Tue Feb 03 2026 23:46:00 GMT+0300 (Москва, стандартное время),303.78,303.83,303.75,303.83,6788
Tue Feb 03 2026 23:47:00 GMT+0300 (Москва, стандартное время),303.81,303.94,303.81,303.91,7365
Tue Feb 03 2026 23:48:00 GMT+0300 (Москва, стандартное время),303.91,303.95,303.66,303.85,17512
Tue Feb 03 2026 23:49:00 GMT+0300 (Москва, стандартное время),303.85,303.85,303.81,303.81,1136
Wed Feb 04 2026 06:59:00 GMT+0300 (Москва, стандартное время),303.97,303.97,303.97,303.97,1588
Wed Feb 04 2026 07:00:00 GMT+0300 (Москва, стандартное время),303.97,304.44,303.93,304.34,13304
Wed Feb 04 2026 07:01:00 GMT+0300 (Москва, стандартное время),304.35,304.36,304.17,304.34,15759
Wed Feb 04 2026 07:02:00 GMT+0300 (Москва, стандартное время),304.34,304.4,304.34,304.4,10029
Wed Feb 04 2026 07:03:00 GMT+0300 (Москва, стандартное время),304.4,304.59,304.38,304.55,20856
Wed Feb 04 2026 07:04:00 GMT+0300 (Москва, стандартное время),304.5,304.5,304.4,304.4,23194
Wed Feb 04 2026 07:05:00 GMT+0300 (Москва, стандартное время),304.38,304.44,304.18,304.18,8022
Wed Feb 04 2026 07:06:00 GMT+0300 (Москва, стандартное время),304.18,304.29,304.18,304.29,912
Wed Feb 04 2026 07:07:00 GMT+0300 (Москва, стандартное время),304.24,304.34,304.24,304.34,3500
Wed Feb 04 2026 07:08:00 GMT+0300 (Москва, стандартное время),304.33,304.45,304.33,304.4,10405
Wed Feb 04 2026 07:09:00 GMT+0300 (Москва, стандартное время),304.4,304.4,304.36,304.36,3046
Wed Feb 04 2026 07:10:00 GMT+0300 (Москва, стандартное время),304.36,304.4,304.3,304.3,595
Wed Feb 04 2026 07:11:00 GMT+0300 (Москва, стандартное время),304.37,304.37,304.24,304.3,1852
Wed Feb 04 2026 07:12:00 GMT+0300 (Москва, стандартное время),304.3,304.34,304.28,304.31,462
Wed Feb 04 2026 07:13:00 GMT+0300 (Москва, стандартное время),304.31,304.31,304.21,304.21,3282
Wed Feb 04 2026 07:14:00 GMT+0300 (Москва, стандартное время),304.27,304.27,304.14,304.15,13095
Wed Feb 04 2026 07:15:00 GMT+0300 (Москва, стандартное время),304.15,304.16,304.14,304.16,396
Wed Feb 04 2026 07:16:00 GMT+0300 (Москва, стандартное время),304.14,304.33,304.14,304.2,1312
Wed Feb 04 2026 07:17:00 GMT+0300 (Москва, стандартное время),304.25,304.31,304.19,304.2,7598
Wed Feb 04 2026 07:18:00 GMT+0300 (Москва, стандартное время),304.2,304.2,304.1,304.1,6303
Wed Feb 04 2026 07:19:00 GMT+0300 (Москва, стандартное время),304.1,304.14,303.97,304,12331
Wed Feb 04 2026 07:20:00 GMT+0300 (Москва, стандартное время),304,304.05,303.99,304.05,8875
Wed Feb 04 2026 07:21:00 GMT+0300 (Москва, стандартное время),304.04,304.05,304.03,304.05,477
Wed Feb 04 2026 07:22:00 GMT+0300 (Москва, стандартное время),304.05,304.2,304.03,304.19,1693
Wed Feb 04 2026 07:23:00 GMT+0300 (Москва, стандартное время),304.19,304.24,304.18,304.23,362
Wed Feb 04 2026 07:24:00 GMT+0300 (Москва, стандартное время),304.22,304.27,304.18,304.27,301
Wed Feb 04 2026 07:25:00 GMT+0300 (Москва, стандартное время),304.27,304.27,304.24,304.25,780
Wed Feb 04 2026 07:26:00 GMT+0300 (Москва, стандартное время),304.24,304.27,304.24,304.27,319
Wed Feb 04 2026 07:27:00 GMT+0300 (Москва, стандартное время),304.24,304.27,304.23,304.27,284
Wed Feb 04 2026 07:28:00 GMT+0300 (Москва, стандартное время),304.27,304.27,304.22,304.26,114
Wed Feb 04 2026 07:29:00 GMT+0300 (Москва, стандартное время),304.23,304.26,304.21,304.26,98
Wed Feb 04 2026 07:30:00 GMT+0300 (Москва, стандартное время),304.26,304.26,304.23,304.26,527
Wed Feb 04 2026 07:31:00 GMT+0300 (Москва, стандартное время),304.24,304.26,304.24,304.24,599
Wed Feb 04 2026 07:32:00 GMT+0300 (Москва, стандартное время),304.26,304.27,304.23,304.27,2743
Wed Feb 04 2026 07:33:00 GMT+0300 (Москва, стандартное время),304.26,304.31,304.26,304.27,1266
Wed Feb 04 2026 07:34:00 GMT+0300 (Москва, стандартное время),304.27,304.32,304.27,304.32,1090
Wed Feb 04 2026 07:35:00 GMT+0300 (Москва, стандартное время),304.32,304.34,304.31,304.31,1707
Wed Feb 04 2026 07:36:00 GMT+0300 (Москва, стандартное время),304.31,304.34,304.31,304.34,1312
Wed Feb 04 2026 07:37:00 GMT+0300 (Москва, стандартное время),304.34,304.35,304.31,304.35,386
Wed Feb 04 2026 07:38:00 GMT+0300 (Москва, стандартное время),304.35,304.37,304.34,304.37,1121
Wed Feb 04 2026 07:39:00 GMT+0300 (Москва, стандартное время),304.37,304.39,304.35,304.35,263
Wed Feb 04 2026 07:40:00 GMT+0300 (Москва, стандартное время),304.35,304.4,304.25,304.4,14309
Wed Feb 04 2026 07:41:00 GMT+0300 (Москва, стандартное время),304.4,304.4,304.25,304.37,4376
Wed Feb 04 2026 07:42:00 GMT+0300 (Москва, стандартное время),304.37,304.37,304.26,304.27,1112
Wed Feb 04 2026 07:43:00 GMT+0300 (Москва, стандартное время),304.36,304.36,304.28,304.35,727
Wed Feb 04 2026 07:44:00 GMT+0300 (Москва, стандартное время),304.35,304.35,304.28,304.28,660
Wed Feb 04 2026 07:45:00 GMT+0300 (Москва, стандартное время),304.28,304.29,304.27,304.28,2067
Wed Feb 04 2026 07:46:00 GMT+0300 (Москва, стандартное время),304.27,304.3,304.21,304.3,1683
Wed Feb 04 2026 07:47:00 GMT+0300 (Москва, стандартное время),304.3,304.3,304.21,304.29,379
Wed Feb 04 2026 07:48:00 GMT+0300 (Москва, стандартное время),304.29,304.29,304.18,304.25,12298
Wed Feb 04 2026 07:49:00 GMT+0300 (Москва, стандартное время),304.25,304.25,304.08,304.22,11613
Wed Feb 04 2026 07:50:00 GMT+0300 (Москва, стандартное время),304.22,304.22,304.01,304.13,16094
Wed Feb 04 2026 07:51:00 GMT+0300 (Москва, стандартное время),304.07,304.14,304,304.12,26829
Wed Feb 04 2026 07:52:00 GMT+0300 (Москва, стандартное время),304.12,304.12,304,304,10192
Wed Feb 04 2026 07:53:00 GMT+0300 (Москва, стандартное время),304.01,304.08,304,304.06,10088
Wed Feb 04 2026 07:54:00 GMT+0300 (Москва, стандартное время),304.08,304.08,304,304.01,4151
Wed Feb 04 2026 07:55:00 GMT+0300 (Москва, стандартное время),304.01,304.15,304.01,304.06,2059
Wed Feb 04 2026 07:56:00 GMT+0300 (Москва, стандартное время),304.1,304.18,304.03,304.14,4000
Wed Feb 04 2026 07:57:00 GMT+0300 (Москва, стандартное время),304.14,304.21,304.14,304.21,163
Wed Feb 04 2026 07:58:00 GMT+0300 (Москва, стандартное время),304.2,304.2,304.19,304.2,564
Wed Feb 04 2026 07:59:00 GMT+0300 (Москва, стандартное время),304.19,304.22,304.19,304.22,981
Wed Feb 04 2026 08:00:00 GMT+0300 (Москва, стандартное время),304.22,304.23,304.21,304.23,4144
Wed Feb 04 2026 08:01:00 GMT+0300 (Москва, стандартное время),304.23,304.28,304.23,304.28,1120
Wed Feb 04 2026 08:02:00 GMT+0300 (Москва, стандартное время),304.28,304.3,304.28,304.28,412
Wed Feb 04 2026 08:03:00 GMT+0300 (Москва, стандартное время),304.29,304.3,304.29,304.3,1068
Wed Feb 04 2026 08:04:00 GMT+0300 (Москва, стандартное время),304.3,304.31,304.29,304.29,4132
Wed Feb 04 2026 08:05:00 GMT+0300 (Москва, стандартное время),304.3,304.3,304.26,304.28,684
Wed Feb 04 2026 08:06:00 GMT+0300 (Москва, стандартное время),304.28,304.28,304.26,304.26,99
Wed Feb 04 2026 08:07:00 GMT+0300 (Москва, стандартное время),304.28,304.28,304.25,304.25,726
Wed Feb 04 2026 08:08:00 GMT+0300 (Москва, стандартное время),304.25,304.29,304.25,304.29,130
Wed Feb 04 2026 08:09:00 GMT+0300 (Москва, стандартное время),304.29,304.29,304.28,304.29,197
Wed Feb 04 2026 08:10:00 GMT+0300 (Москва, стандартное время),304.29,304.29,304.28,304.29,790
Wed Feb 04 2026 08:11:00 GMT+0300 (Москва, стандартное время),304.29,304.29,304.25,304.25,2350
Wed Feb 04 2026 08:12:00 GMT+0300 (Москва, стандартное время),304.27,304.27,304.13,304.19,5780
Wed Feb 04 2026 08:13:00 GMT+0300 (Москва, стандартное время),304.19,304.19,304.08,304.09,1964
Wed Feb 04 2026 08:14:00 GMT+0300 (Москва, стандартное время),304.19,304.19,304.15,304.19,234
Wed Feb 04 2026 08:15:00 GMT+0300 (Москва, стандартное время),304.19,304.3,304.19,304.3,6546
Wed Feb 04 2026 08:16:00 GMT+0300 (Москва, стандартное время),304.3,304.3,304.06,304.25,46439
Wed Feb 04 2026 08:17:00 GMT+0300 (Москва, стандартное время),304.27,304.27,304.22,304.22,332
Wed Feb 04 2026 08:18:00 GMT+0300 (Москва, стандартное время),304.26,304.29,304.23,304.29,185
Wed Feb 04 2026 08:19:00 GMT+0300 (Москва, стандартное время),304.29,304.3,304.29,304.3,1158
Wed Feb 04 2026 08:20:00 GMT+0300 (Москва, стандартное время),304.3,304.3,304.29,304.29,613
Wed Feb 04 2026 08:21:00 GMT+0300 (Москва, стандартное время),304.3,304.3,304.29,304.3,1161
Wed Feb 04 2026 08:22:00 GMT+0300 (Москва, стандартное время),304.29,304.29,304.27,304.28,4611
Wed Feb 04 2026 08:23:00 GMT+0300 (Москва, стандартное время),304.28,304.28,304.25,304.26,4505
Wed Feb 04 2026 08:24:00 GMT+0300 (Москва, стандартное время),304.26,304.26,304.25,304.26,1196
Wed Feb 04 2026 08:25:00 GMT+0300 (Москва, стандартное время),304.26,304.4,304.25,304.4,43374
Wed Feb 04 2026 08:26:00 GMT+0300 (Москва, стандартное время),304.4,304.47,304.36,304.4,25796
Wed Feb 04 2026 08:27:00 GMT+0300 (Москва, стандартное время),304.47,304.52,304.4,304.49,14811
Wed Feb 04 2026 08:28:00 GMT+0300 (Москва, стандартное время),304.48,304.58,304.42,304.5,18483
Wed Feb 04 2026 08:29:00 GMT+0300 (Москва, стандартное время),304.5,304.57,304.49,304.57,6278
Wed Feb 04 2026 08:30:00 GMT+0300 (Москва, стандартное время),304.57,304.57,304.49,304.5,498
Wed Feb 04 2026 08:31:00 GMT+0300 (Москва, стандартное время),304.52,304.63,304.52,304.62,6398
Wed Feb 04 2026 08:32:00 GMT+0300 (Москва, стандартное время),304.62,304.79,304.61,304.69,48011
Wed Feb 04 2026 08:33:00 GMT+0300 (Москва, стандартное время),304.69,304.69,304.68,304.69,1667
Wed Feb 04 2026 08:34:00 GMT+0300 (Москва, стандартное время),304.69,304.77,304.68,304.68,5414
Wed Feb 04 2026 08:35:00 GMT+0300 (Москва, стандартное время),304.75,304.75,304.65,304.66,19928
Wed Feb 04 2026 08:36:00 GMT+0300 (Москва, стандартное время),304.66,304.66,304.64,304.64,9601
Wed Feb 04 2026 08:37:00 GMT+0300 (Москва, стандартное время),304.64,304.74,304.61,304.74,55754
Wed Feb 04 2026 08:38:00 GMT+0300 (Москва, стандартное время),304.74,304.79,304.63,304.78,50695
Wed Feb 04 2026 08:39:00 GMT+0300 (Москва, стандартное время),304.71,304.77,304.66,304.71,5568
Wed Feb 04 2026 08:40:00 GMT+0300 (Москва, стандартное время),304.71,304.76,304.7,304.7,314
Wed Feb 04 2026 08:41:00 GMT+0300 (Москва, стандартное время),304.72,304.73,304.63,304.73,7158
Wed Feb 04 2026 08:42:00 GMT+0300 (Москва, стандартное время),304.73,304.74,304.67,304.74,2457
Wed Feb 04 2026 08:43:00 GMT+0300 (Москва, стандартное время),304.73,304.73,304.62,304.64,6094
Wed Feb 04 2026 08:44:00 GMT+0300 (Москва, стандартное время),304.68,304.69,304.6,304.6,13883
Wed Feb 04 2026 08:45:00 GMT+0300 (Москва, стандартное время),304.68,304.73,304.6,304.69,5432
Wed Feb 04 2026 08:46:00 GMT+0300 (Москва, стандартное время),304.69,304.69,304.61,304.61,280
Wed Feb 04 2026 08:47:00 GMT+0300 (Москва, стандартное время),304.65,304.65,304.61,304.62,354
Wed Feb 04 2026 08:48:00 GMT+0300 (Москва, стандартное время),304.62,304.68,304.61,304.62,3639
Wed Feb 04 2026 08:49:00 GMT+0300 (Москва, стандартное время),304.61,304.64,304.6,304.64,8783
Wed Feb 04 2026 08:50:00 GMT+0300 (Москва, стандартное время),304.64,304.68,304.62,304.63,4968
Wed Feb 04 2026 08:51:00 GMT+0300 (Москва, стандартное время),304.63,304.63,304.62,304.62,1383
Wed Feb 04 2026 08:52:00 GMT+0300 (Москва, стандартное время),304.63,304.63,304.58,304.61,10505
Wed Feb 04 2026 08:53:00 GMT+0300 (Москва, стандартное время),304.61,304.61,304.57,304.59,1000
Wed Feb 04 2026 08:54:00 GMT+0300 (Москва, стандартное время),304.59,304.59,304.45,304.47,25930
Wed Feb 04 2026 08:55:00 GMT+0300 (Москва, стандартное время),304.5,304.5,304.45,304.46,3230
Wed Feb 04 2026 08:56:00 GMT+0300 (Москва, стандартное время),304.46,304.59,304.46,304.59,9100
Wed Feb 04 2026 08:57:00 GMT+0300 (Москва, стандартное время),304.6,304.71,304.55,304.64,15470
Wed Feb 04 2026 08:58:00 GMT+0300 (Москва, стандартное время),304.71,304.73,304.6,304.69,10958
Wed Feb 04 2026 08:59:00 GMT+0300 (Москва, стандартное время),304.64,304.69,304.59,304.64,2041
Wed Feb 04 2026 09:00:00 GMT+0300 (Москва, стандартное время),304.59,304.59,304.36,304.42,19294
Wed Feb 04 2026 09:01:00 GMT+0300 (Москва, стандартное время),304.43,304.65,304.41,304.6,52947
Wed Feb 04 2026 09:02:00 GMT+0300 (Москва, стандартное время),304.57,304.64,304.55,304.61,11910
Wed Feb 04 2026 09:03:00 GMT+0300 (Москва, стандартное время),304.59,304.61,304.59,304.59,2138
Wed Feb 04 2026 09:04:00 GMT+0300 (Москва, стандартное время),304.6,304.71,304.59,304.7,22119
Wed Feb 04 2026 09:05:00 GMT+0300 (Москва, стандартное время),304.7,304.7,304.63,304.63,4099
Wed Feb 04 2026 09:06:00 GMT+0300 (Москва, стандартное время),304.64,304.64,304.55,304.57,5203
Wed Feb 04 2026 09:07:00 GMT+0300 (Москва, стандартное время),304.61,304.62,304.56,304.62,1265
Wed Feb 04 2026 09:08:00 GMT+0300 (Москва, стандартное время),304.6,304.62,304.57,304.58,5345
Wed Feb 04 2026 09:09:00 GMT+0300 (Москва, стандартное время),304.57,304.63,304.57,304.63,2223
Wed Feb 04 2026 09:10:00 GMT+0300 (Москва, стандартное время),304.61,304.67,304.61,304.67,2389
Wed Feb 04 2026 09:11:00 GMT+0300 (Москва, стандартное время),304.67,304.69,304.62,304.62,2975
Wed Feb 04 2026 09:12:00 GMT+0300 (Москва, стандартное время),304.62,304.64,304.59,304.59,5922
Wed Feb 04 2026 09:13:00 GMT+0300 (Москва, стандартное время),304.61,304.61,304.55,304.55,2310
Wed Feb 04 2026 09:14:00 GMT+0300 (Москва, стандартное время),304.55,304.61,304.51,304.53,11007
Wed Feb 04 2026 09:15:00 GMT+0300 (Москва, стандартное время),304.57,304.65,304.57,304.62,982
Wed Feb 04 2026 09:16:00 GMT+0300 (Москва, стандартное время),304.62,304.62,304.54,304.57,6908
Wed Feb 04 2026 09:17:00 GMT+0300 (Москва, стандартное время),304.57,304.57,304.37,304.43,45533
Wed Feb 04 2026 09:18:00 GMT+0300 (Москва, стандартное время),304.41,304.48,304.36,304.48,14535
Wed Feb 04 2026 09:19:00 GMT+0300 (Москва, стандартное время),304.48,304.54,304.46,304.54,1442
Wed Feb 04 2026 09:20:00 GMT+0300 (Москва, стандартное время),304.54,304.58,304.51,304.54,579
Wed Feb 04 2026 09:21:00 GMT+0300 (Москва, стандартное время),304.57,304.57,304.51,304.54,4053
Wed Feb 04 2026 09:22:00 GMT+0300 (Москва, стандартное время),304.54,304.54,304.51,304.54,1035
Wed Feb 04 2026 09:23:00 GMT+0300 (Москва, стандартное время),304.54,304.54,304.51,304.54,1132
Wed Feb 04 2026 09:24:00 GMT+0300 (Москва, стандартное время),304.54,304.58,304.53,304.58,2803
Wed Feb 04 2026 09:25:00 GMT+0300 (Москва, стандартное время),304.58,304.58,304.57,304.57,813
Wed Feb 04 2026 09:26:00 GMT+0300 (Москва, стандартное время),304.58,304.58,304.55,304.57,6014
Wed Feb 04 2026 09:27:00 GMT+0300 (Москва, стандартное время),304.57,304.58,304.54,304.55,5677
Wed Feb 04 2026 09:28:00 GMT+0300 (Москва, стандартное время),304.55,304.57,304.54,304.56,1590
Wed Feb 04 2026 09:29:00 GMT+0300 (Москва, стандартное время),304.57,304.6,304.56,304.6,6421
Wed Feb 04 2026 09:30:00 GMT+0300 (Москва, стандартное время),304.6,304.6,304.56,304.6,15562
Wed Feb 04 2026 09:31:00 GMT+0300 (Москва, стандартное время),304.59,304.6,304.59,304.6,701
Wed Feb 04 2026 09:32:00 GMT+0300 (Москва, стандартное время),304.59,304.59,304.56,304.59,2109
Wed Feb 04 2026 09:33:00 GMT+0300 (Москва, стандартное время),304.58,304.59,304.58,304.58,6335
Wed Feb 04 2026 09:34:00 GMT+0300 (Москва, стандартное время),304.59,304.62,304.58,304.62,17617
Wed Feb 04 2026 09:35:00 GMT+0300 (Москва, стандартное время),304.61,304.62,304.6,304.61,5106
Wed Feb 04 2026 09:36:00 GMT+0300 (Москва, стандартное время),304.61,304.61,304.6,304.61,821
Wed Feb 04 2026 09:37:00 GMT+0300 (Москва, стандартное время),304.62,304.71,304.6,304.63,9421
Wed Feb 04 2026 09:38:00 GMT+0300 (Москва, стандартное время),304.65,304.69,304.63,304.65,7929
Wed Feb 04 2026 09:39:00 GMT+0300 (Москва, стандартное время),304.65,304.65,304.63,304.65,6204
Wed Feb 04 2026 09:40:00 GMT+0300 (Москва, стандартное время),304.62,304.65,304.62,304.62,7850
Wed Feb 04 2026 09:41:00 GMT+0300 (Москва, стандартное время),304.62,304.65,304.62,304.65,5662
Wed Feb 04 2026 09:42:00 GMT+0300 (Москва, стандартное время),304.65,304.69,304.64,304.69,7840
Wed Feb 04 2026 09:43:00 GMT+0300 (Москва, стандартное время),304.69,304.7,304.68,304.7,3641
Wed Feb 04 2026 09:44:00 GMT+0300 (Москва, стандартное время),304.7,304.71,304.67,304.71,10624
Wed Feb 04 2026 09:45:00 GMT+0300 (Москва, стандартное время),304.71,304.73,304.69,304.73,5328
Wed Feb 04 2026 09:46:00 GMT+0300 (Москва, стандартное время),304.73,304.73,304.69,304.69,1323
Wed Feb 04 2026 09:47:00 GMT+0300 (Москва, стандартное время),304.71,304.71,304.68,304.68,5888
Wed Feb 04 2026 09:48:00 GMT+0300 (Москва, стандартное время),304.69,304.69,304.6,304.6,5512
Wed Feb 04 2026 09:49:00 GMT+0300 (Москва, стандартное время),304.6,304.6,304.55,304.57,887
Wed Feb 04 2026 09:50:00 GMT+0300 (Москва, стандартное время),304.55,304.56,304.51,304.55,1999
Wed Feb 04 2026 09:51:00 GMT+0300 (Москва, стандартное время),304.56,304.6,304.55,304.56,3001
Wed Feb 04 2026 09:52:00 GMT+0300 (Москва, стандартное время),304.59,304.59,304.56,304.59,1053
Wed Feb 04 2026 09:53:00 GMT+0300 (Москва, стандартное время),304.58,304.6,304.56,304.6,5328
Wed Feb 04 2026 09:54:00 GMT+0300 (Москва, стандартное время),304.6,304.6,304.59,304.6,12583
Wed Feb 04 2026 09:55:00 GMT+0300 (Москва, стандартное время),304.59,304.69,304.57,304.69,37652
Wed Feb 04 2026 09:56:00 GMT+0300 (Москва, стандартное время),304.69,304.69,304.6,304.64,2728
Wed Feb 04 2026 09:57:00 GMT+0300 (Москва, стандартное время),304.63,304.69,304.63,304.68,53917
Wed Feb 04 2026 09:58:00 GMT+0300 (Москва, стандартное время),304.69,305.2,304.68,305.17,663127
Wed Feb 04 2026 09:59:00 GMT+0300 (Москва, стандартное время),305.16,305.4,305.13,305.4,481103
Wed Feb 04 2026 10:00:00 GMT+0300 (Москва, стандартное время),305.4,305.65,305.39,305.64,257805
Wed Feb 04 2026 10:01:00 GMT+0300 (Москва, стандартное время),305.65,305.7,305.48,305.63,146003
Wed Feb 04 2026 10:02:00 GMT+0300 (Москва, стандартное время),305.56,305.61,305.35,305.43,79244
Wed Feb 04 2026 10:03:00 GMT+0300 (Москва, стандартное время),305.36,305.44,305.28,305.36,42010
Wed Feb 04 2026 10:04:00 GMT+0300 (Москва, стандартное время),305.34,305.36,305.26,305.26,50535
Wed Feb 04 2026 10:05:00 GMT+0300 (Москва, стандартное время),305.26,305.27,305.12,305.17,56340
Wed Feb 04 2026 10:06:00 GMT+0300 (Москва, стандартное время),305.16,305.26,305.16,305.25,19064
Wed Feb 04 2026 10:07:00 GMT+0300 (Москва, стандартное время),305.25,305.28,305.21,305.27,31377
Wed Feb 04 2026 10:08:00 GMT+0300 (Москва, стандартное время),305.26,305.27,304.99,305.03,78925
Wed Feb 04 2026 10:09:00 GMT+0300 (Москва, стандартное время),305.02,305.1,305.02,305.1,18675
Wed Feb 04 2026 10:10:00 GMT+0300 (Москва, стандартное время),305.09,305.1,304.91,304.91,23024
Wed Feb 04 2026 10:11:00 GMT+0300 (Москва, стандартное время),304.91,304.91,304.81,304.82,15536
Wed Feb 04 2026 10:12:00 GMT+0300 (Москва, стандартное время),304.81,304.89,304.71,304.89,86494
Wed Feb 04 2026 10:13:00 GMT+0300 (Москва, стандартное время),304.89,304.89,304.83,304.84,35394
Wed Feb 04 2026 10:14:00 GMT+0300 (Москва, стандартное время),304.87,304.87,304.78,304.78,17338
Wed Feb 04 2026 10:15:00 GMT+0300 (Москва, стандартное время),304.82,304.95,304.8,304.82,105671
Wed Feb 04 2026 10:16:00 GMT+0300 (Москва, стандартное время),304.8,304.84,304.8,304.83,8746
Wed Feb 04 2026 10:17:00 GMT+0300 (Москва, стандартное время),304.84,304.88,304.82,304.88,30923
Wed Feb 04 2026 10:18:00 GMT+0300 (Москва, стандартное время),304.88,304.91,304.73,304.86,66632
Wed Feb 04 2026 10:19:00 GMT+0300 (Москва, стандартное время),304.86,304.87,304.78,304.79,23789
Wed Feb 04 2026 10:20:00 GMT+0300 (Москва, стандартное время),304.81,304.85,304.62,304.63,33879
Wed Feb 04 2026 10:21:00 GMT+0300 (Москва, стандартное время),304.64,304.77,304.6,304.66,68890
Wed Feb 04 2026 10:22:00 GMT+0300 (Москва, стандартное время),304.66,304.75,304.66,304.75,5798
Wed Feb 04 2026 10:23:00 GMT+0300 (Москва, стандартное время),304.74,304.75,304.71,304.73,5453
Wed Feb 04 2026 10:24:00 GMT+0300 (Москва, стандартное время),304.73,304.91,304.72,304.91,20102
Wed Feb 04 2026 10:25:00 GMT+0300 (Москва, стандартное время),304.91,304.93,304.88,304.9,13080
Wed Feb 04 2026 10:26:00 GMT+0300 (Москва, стандартное время),304.9,304.94,304.9,304.94,6633
Wed Feb 04 2026 10:27:00 GMT+0300 (Москва, стандартное время),304.93,304.95,304.9,304.95,11758
Wed Feb 04 2026 10:28:00 GMT+0300 (Москва, стандартное время),304.95,305.18,304.94,305.14,298685
Wed Feb 04 2026 10:29:00 GMT+0300 (Москва, стандартное время),305.14,305.18,305.03,305.12,63631
Wed Feb 04 2026 10:30:00 GMT+0300 (Москва, стандартное время),305.12,305.2,305.12,305.2,69262
Wed Feb 04 2026 10:31:00 GMT+0300 (Москва, стандартное время),305.2,305.27,305.19,305.27,47384
Wed Feb 04 2026 10:32:00 GMT+0300 (Москва, стандартное время),305.27,305.39,305.27,305.37,100540
Wed Feb 04 2026 10:33:00 GMT+0300 (Москва, стандартное время),305.38,305.39,305.21,305.29,42953
Wed Feb 04 2026 10:34:00 GMT+0300 (Москва, стандартное время),305.27,305.34,305.27,305.29,49558
Wed Feb 04 2026 10:35:00 GMT+0300 (Москва, стандартное время),305.3,305.34,305.29,305.34,24413
Wed Feb 04 2026 10:36:00 GMT+0300 (Москва, стандартное время),305.32,305.33,305.29,305.3,21789
Wed Feb 04 2026 10:37:00 GMT+0300 (Москва, стандартное время),305.31,305.37,305.29,305.29,30494
Wed Feb 04 2026 10:38:00 GMT+0300 (Москва, стандартное время),305.32,305.34,305.29,305.29,54919
Wed Feb 04 2026 10:39:00 GMT+0300 (Москва, стандартное время),305.3,305.3,305.26,305.29,8087
Wed Feb 04 2026 10:40:00 GMT+0300 (Москва, стандартное время),305.29,305.38,305.28,305.38,38767
Wed Feb 04 2026 10:41:00 GMT+0300 (Москва, стандартное время),305.38,305.48,305.3,305.46,791088
Wed Feb 04 2026 10:42:00 GMT+0300 (Москва, стандартное время),305.48,305.48,305.4,305.43,85878
Wed Feb 04 2026 10:43:00 GMT+0300 (Москва, стандартное время),305.47,305.5,305.4,305.5,29594
Wed Feb 04 2026 10:44:00 GMT+0300 (Москва, стандартное время),305.5,305.5,305.46,305.48,41846
Wed Feb 04 2026 10:45:00 GMT+0300 (Москва, стандартное время),305.49,305.56,305.48,305.55,62237
Wed Feb 04 2026 10:46:00 GMT+0300 (Москва, стандартное время),305.56,305.61,305.55,305.61,24971
Wed Feb 04 2026 10:47:00 GMT+0300 (Москва, стандартное время),305.61,305.65,305.49,305.5,56628
Wed Feb 04 2026 10:48:00 GMT+0300 (Москва, стандартное время),305.5,305.57,305.47,305.5,22604
Wed Feb 04 2026 10:49:00 GMT+0300 (Москва, стандартное время),305.51,305.57,305.49,305.52,42796
Wed Feb 04 2026 10:50:00 GMT+0300 (Москва, стандартное время),305.52,305.57,305.49,305.5,48495
Wed Feb 04 2026 10:51:00 GMT+0300 (Москва, стандартное время),305.51,305.52,305.39,305.39,39477
Wed Feb 04 2026 10:52:00 GMT+0300 (Москва, стандартное время),305.4,305.4,305.29,305.35,13041
Wed Feb 04 2026 10:53:00 GMT+0300 (Москва, стандартное время),305.35,305.39,305.3,305.35,22881
Wed Feb 04 2026 10:54:00 GMT+0300 (Москва, стандартное время),305.37,305.4,305.35,305.4,12615
Wed Feb 04 2026 10:55:00 GMT+0300 (Москва, стандартное время),305.39,305.53,305.39,305.48,95489
Wed Feb 04 2026 10:56:00 GMT+0300 (Москва, стандартное время),305.47,305.58,305.47,305.55,60869
Wed Feb 04 2026 10:57:00 GMT+0300 (Москва, стандартное время),305.53,305.64,305.49,305.6,73276
Wed Feb 04 2026 10:58:00 GMT+0300 (Москва, стандартное время),305.6,305.63,305.59,305.62,14142
Wed Feb 04 2026 10:59:00 GMT+0300 (Москва, стандартное время),305.62,305.62,305.46,305.58,37831
Wed Feb 04 2026 11:00:00 GMT+0300 (Москва, стандартное время),305.57,305.75,305.57,305.7,189280
Wed Feb 04 2026 11:01:00 GMT+0300 (Москва, стандартное время),305.7,305.7,305.59,305.6,17886
Wed Feb 04 2026 11:02:00 GMT+0300 (Москва, стандартное время),305.61,305.61,305.46,305.48,30280
Wed Feb 04 2026 11:03:00 GMT+0300 (Москва, стандартное время),305.48,305.49,305.39,305.4,39591
Wed Feb 04 2026 11:04:00 GMT+0300 (Москва, стандартное время),305.4,305.58,305.39,305.42,57485
Wed Feb 04 2026 11:05:00 GMT+0300 (Москва, стандартное время),305.42,305.6,305.41,305.59,61813
Wed Feb 04 2026 11:06:00 GMT+0300 (Москва, стандартное время),305.57,305.6,305.57,305.6,19663
Wed Feb 04 2026 11:07:00 GMT+0300 (Москва, стандартное время),305.58,305.6,305.58,305.6,13228
Wed Feb 04 2026 11:08:00 GMT+0300 (Москва, стандартное время),305.6,305.64,305.52,305.59,16126
Wed Feb 04 2026 11:09:00 GMT+0300 (Москва, стандартное время),305.56,305.65,305.5,305.63,30296
Wed Feb 04 2026 11:10:00 GMT+0300 (Москва, стандартное время),305.64,305.75,305.63,305.72,79614
Wed Feb 04 2026 11:11:00 GMT+0300 (Москва, стандартное время),305.7,305.74,305.53,305.62,22705
Wed Feb 04 2026 11:12:00 GMT+0300 (Москва, стандартное время),305.6,305.75,305.41,305.61,220374
Wed Feb 04 2026 11:13:00 GMT+0300 (Москва, стандартное время),305.6,305.75,305.6,305.74,64737
Wed Feb 04 2026 11:14:00 GMT+0300 (Москва, стандартное время),305.71,305.75,305.65,305.75,39926
Wed Feb 04 2026 11:15:00 GMT+0300 (Москва, стандартное время),305.75,305.75,305.62,305.75,80162
Wed Feb 04 2026 11:16:00 GMT+0300 (Москва, стандартное время),305.75,305.77,305.71,305.77,19204
Wed Feb 04 2026 11:17:00 GMT+0300 (Москва, стандартное время),305.77,305.78,305.68,305.77,50931
Wed Feb 04 2026 11:18:00 GMT+0300 (Москва, стандартное время),305.76,305.8,305.3,305.34,157586
Wed Feb 04 2026 11:19:00 GMT+0300 (Москва, стандартное время),305.34,305.54,305.32,305.49,31715
Wed Feb 04 2026 11:20:00 GMT+0300 (Москва, стандартное время),305.49,305.51,305.36,305.41,6599
Wed Feb 04 2026 11:21:00 GMT+0300 (Москва, стандартное время),305.38,305.44,305.31,305.43,9323
Wed Feb 04 2026 11:22:00 GMT+0300 (Москва, стандартное время),305.42,305.5,305.35,305.5,23996
Wed Feb 04 2026 11:23:00 GMT+0300 (Москва, стандартное время),305.5,305.69,305.5,305.68,18749
Wed Feb 04 2026 11:24:00 GMT+0300 (Москва, стандартное время),305.68,305.7,305.65,305.67,6007
Wed Feb 04 2026 11:25:00 GMT+0300 (Москва, стандартное время),305.66,305.7,305.65,305.69,28255
Wed Feb 04 2026 11:26:00 GMT+0300 (Москва, стандартное время),305.7,305.8,305.69,305.71,43919
Wed Feb 04 2026 11:27:00 GMT+0300 (Москва, стандартное время),305.73,305.75,305.64,305.65,22459
Wed Feb 04 2026 11:28:00 GMT+0300 (Москва, стандартное время),305.69,305.75,305.64,305.71,24266
Wed Feb 04 2026 11:29:00 GMT+0300 (Москва, стандартное время),305.71,305.71,305.68,305.68,2003
Wed Feb 04 2026 11:30:00 GMT+0300 (Москва, стандартное время),305.69,305.71,305.65,305.68,29642
Wed Feb 04 2026 11:31:00 GMT+0300 (Москва, стандартное время),305.67,305.71,305.64,305.64,24477
Wed Feb 04 2026 11:32:00 GMT+0300 (Москва, стандартное время),305.64,305.65,305.63,305.65,21810
Wed Feb 04 2026 11:33:00 GMT+0300 (Москва, стандартное время),305.64,305.75,305.64,305.66,27440
Wed Feb 04 2026 11:34:00 GMT+0300 (Москва, стандартное время),305.66,305.66,305.57,305.6,25039
Wed Feb 04 2026 11:35:00 GMT+0300 (Москва, стандартное время),305.59,305.66,305.57,305.64,20242
Wed Feb 04 2026 11:36:00 GMT+0300 (Москва, стандартное время),305.62,305.64,305.5,305.53,21666
Wed Feb 04 2026 11:37:00 GMT+0300 (Москва, стандартное время),305.54,305.59,305.46,305.57,27059
Wed Feb 04 2026 11:38:00 GMT+0300 (Москва, стандартное время),305.59,305.6,305.45,305.51,4612
Wed Feb 04 2026 11:39:00 GMT+0300 (Москва, стандартное время),305.45,305.53,305.43,305.45,32981
Wed Feb 04 2026 11:40:00 GMT+0300 (Москва, стандартное время),305.5,305.51,305.4,305.4,9701
Wed Feb 04 2026 11:41:00 GMT+0300 (Москва, стандартное время),305.4,305.48,305.37,305.45,20705
Wed Feb 04 2026 11:42:00 GMT+0300 (Москва, стандартное время),305.45,305.46,305.4,305.41,7693
Wed Feb 04 2026 11:43:00 GMT+0300 (Москва, стандартное время),305.42,305.42,305.34,305.39,13768
Wed Feb 04 2026 11:44:00 GMT+0300 (Москва, стандартное время),305.39,305.45,305.38,305.44,38037
Wed Feb 04 2026 11:45:00 GMT+0300 (Москва, стандартное время),305.44,305.52,305.4,305.41,49286
Wed Feb 04 2026 11:46:00 GMT+0300 (Москва, стандартное время),305.41,305.41,305.37,305.38,13006
Wed Feb 04 2026 11:47:00 GMT+0300 (Москва, стандартное время),305.38,305.38,305.35,305.36,13398
Wed Feb 04 2026 11:48:00 GMT+0300 (Москва, стандартное время),305.36,305.38,305.35,305.37,35920
Wed Feb 04 2026 11:49:00 GMT+0300 (Москва, стандартное время),305.38,305.38,305.35,305.37,45834
Wed Feb 04 2026 11:50:00 GMT+0300 (Москва, стандартное время),305.37,305.41,305.35,305.4,30227
Wed Feb 04 2026 11:51:00 GMT+0300 (Москва, стандартное время),305.4,305.41,305.37,305.41,23089
Wed Feb 04 2026 11:52:00 GMT+0300 (Москва, стандартное время),305.4,305.42,305.35,305.42,62013
Wed Feb 04 2026 11:53:00 GMT+0300 (Москва, стандартное время),305.4,305.42,305.38,305.39,5301
Wed Feb 04 2026 11:54:00 GMT+0300 (Москва, стандартное время),305.39,305.39,305.3,305.32,127353
Wed Feb 04 2026 11:55:00 GMT+0300 (Москва, стандартное время),305.31,305.32,305.3,305.32,1402
Wed Feb 04 2026 11:56:00 GMT+0300 (Москва, стандартное время),305.31,305.35,305.31,305.34,26625
Wed Feb 04 2026 11:57:00 GMT+0300 (Москва, стандартное время),305.35,305.35,305.3,305.31,8404
Wed Feb 04 2026 11:58:00 GMT+0300 (Москва, стандартное время),305.31,305.31,305.29,305.29,8360
Wed Feb 04 2026 11:59:00 GMT+0300 (Москва, стандартное время),305.3,305.3,305.2,305.28,81608
Wed Feb 04 2026 12:00:00 GMT+0300 (Москва, стандартное время),305.29,305.3,305.28,305.3,11039
Wed Feb 04 2026 12:01:00 GMT+0300 (Москва, стандартное время),305.3,305.31,305.29,305.3,19811
Wed Feb 04 2026 12:02:00 GMT+0300 (Москва, стандартное время),305.31,305.31,305.26,305.3,10540
Wed Feb 04 2026 12:03:00 GMT+0300 (Москва, стандартное время),305.3,305.3,305.11,305.28,58541
Wed Feb 04 2026 12:04:00 GMT+0300 (Москва, стандартное время),305.27,305.34,305.27,305.33,7463
Wed Feb 04 2026 12:05:00 GMT+0300 (Москва, стандартное время),305.34,305.35,305.33,305.34,21583
Wed Feb 04 2026 12:06:00 GMT+0300 (Москва, стандартное время),305.35,305.42,305.34,305.41,6472
Wed Feb 04 2026 12:07:00 GMT+0300 (Москва, стандартное время),305.41,305.42,305.41,305.41,6274
Wed Feb 04 2026 12:08:00 GMT+0300 (Москва, стандартное время),305.41,305.46,305.41,305.45,17179
Wed Feb 04 2026 12:09:00 GMT+0300 (Москва, стандартное время),305.45,305.45,305.44,305.45,8598
Wed Feb 04 2026 12:10:00 GMT+0300 (Москва, стандартное время),305.44,305.53,305.44,305.52,18896
Wed Feb 04 2026 12:11:00 GMT+0300 (Москва, стандартное время),305.53,305.53,305.5,305.53,1560
Wed Feb 04 2026 12:12:00 GMT+0300 (Москва, стандартное время),305.53,305.53,305.5,305.51,7613
Wed Feb 04 2026 12:13:00 GMT+0300 (Москва, стандартное время),305.51,305.51,305.42,305.43,8788
Wed Feb 04 2026 12:14:00 GMT+0300 (Москва, стандартное время),305.42,305.42,305.41,305.42,5269
Wed Feb 04 2026 12:15:00 GMT+0300 (Москва, стандартное время),305.41,305.5,305.41,305.49,6666
Wed Feb 04 2026 12:16:00 GMT+0300 (Москва, стандартное время),305.49,305.54,305.47,305.54,17767
Wed Feb 04 2026 12:17:00 GMT+0300 (Москва, стандартное время),305.54,305.58,305.51,305.57,7165
Wed Feb 04 2026 12:18:00 GMT+0300 (Москва, стандартное время),305.57,305.58,305.49,305.54,10706
Wed Feb 04 2026 12:19:00 GMT+0300 (Москва, стандартное время),305.54,305.55,305.48,305.48,5701
Wed Feb 04 2026 12:20:00 GMT+0300 (Москва, стандартное время),305.48,305.48,305.41,305.41,4331
Wed Feb 04 2026 12:21:00 GMT+0300 (Москва, стандартное время),305.41,305.43,305.35,305.41,12640
Wed Feb 04 2026 12:22:00 GMT+0300 (Москва, стандартное время),305.41,305.6,305.39,305.54,94607
Wed Feb 04 2026 12:23:00 GMT+0300 (Москва, стандартное время),305.54,305.54,305.44,305.49,12116
Wed Feb 04 2026 12:24:00 GMT+0300 (Москва, стандартное время),305.49,305.49,305.41,305.42,6676
Wed Feb 04 2026 12:25:00 GMT+0300 (Москва, стандартное время),305.43,305.51,305.42,305.5,3334
Wed Feb 04 2026 12:26:00 GMT+0300 (Москва, стандартное время),305.51,305.6,305.51,305.56,22528
Wed Feb 04 2026 12:27:00 GMT+0300 (Москва, стандартное время),305.57,305.59,305.52,305.57,2169
Wed Feb 04 2026 12:28:00 GMT+0300 (Москва, стандартное время),305.52,305.57,305.51,305.54,3709
Wed Feb 04 2026 12:29:00 GMT+0300 (Москва, стандартное время),305.55,305.58,305.54,305.58,1697
Wed Feb 04 2026 12:30:00 GMT+0300 (Москва, стандартное время),305.58,305.58,305.54,305.56,2118
Wed Feb 04 2026 12:31:00 GMT+0300 (Москва, стандартное время),305.56,305.58,305.54,305.55,10190
Wed Feb 04 2026 12:32:00 GMT+0300 (Москва, стандартное время),305.54,305.56,305.52,305.54,2024
Wed Feb 04 2026 12:33:00 GMT+0300 (Москва, стандартное время),305.54,305.55,305.52,305.54,2665
Wed Feb 04 2026 12:34:00 GMT+0300 (Москва, стандартное время),305.54,305.55,305.52,305.53,2403
Wed Feb 04 2026 12:35:00 GMT+0300 (Москва, стандартное время),305.53,305.55,305.52,305.55,4218
Wed Feb 04 2026 12:36:00 GMT+0300 (Москва, стандартное время),305.55,305.55,304.91,305.33,261241
Wed Feb 04 2026 12:37:00 GMT+0300 (Москва, стандартное время),305.33,305.55,305.21,305.4,106483
Wed Feb 04 2026 12:38:00 GMT+0300 (Москва, стандартное время),305.4,305.42,305.25,305.27,19226
Wed Feb 04 2026 12:39:00 GMT+0300 (Москва, стандартное время),305.26,305.26,305.16,305.18,18591
Wed Feb 04 2026 12:40:00 GMT+0300 (Москва, стандартное время),305.18,305.37,305.17,305.36,14079
Wed Feb 04 2026 12:41:00 GMT+0300 (Москва, стандартное время),305.36,305.36,305.15,305.21,42969
Wed Feb 04 2026 12:42:00 GMT+0300 (Москва, стандартное время),305.22,305.43,305.21,305.38,45045
Wed Feb 04 2026 12:43:00 GMT+0300 (Москва, стандартное время),305.38,305.39,305.17,305.2,23114
Wed Feb 04 2026 12:44:00 GMT+0300 (Москва, стандартное время),305.23,305.5,305.21,305.48,18928
Wed Feb 04 2026 12:45:00 GMT+0300 (Москва, стандартное время),305.5,305.5,305.31,305.33,14596
Wed Feb 04 2026 12:46:00 GMT+0300 (Москва, стандартное время),305.33,305.44,305.31,305.37,12151
Wed Feb 04 2026 12:47:00 GMT+0300 (Москва, стандартное время),305.35,305.37,305.19,305.24,35100
Wed Feb 04 2026 12:48:00 GMT+0300 (Москва, стандартное время),305.24,305.27,305.23,305.27,7016
Wed Feb 04 2026 12:49:00 GMT+0300 (Москва, стандартное время),305.26,305.3,305.25,305.28,8258
Wed Feb 04 2026 12:50:00 GMT+0300 (Москва, стандартное время),305.28,305.3,305.27,305.3,4501
Wed Feb 04 2026 12:51:00 GMT+0300 (Москва, стандартное время),305.3,305.44,305.29,305.43,46854
Wed Feb 04 2026 12:52:00 GMT+0300 (Москва, стандартное время),305.43,305.44,305.36,305.38,13006
Wed Feb 04 2026 12:53:00 GMT+0300 (Москва, стандартное время),305.38,305.43,305.37,305.4,24523
Wed Feb 04 2026 12:54:00 GMT+0300 (Москва, стандартное время),305.4,305.45,305.39,305.41,13648
Wed Feb 04 2026 12:55:00 GMT+0300 (Москва, стандартное время),305.41,305.46,305.4,305.43,3250
Wed Feb 04 2026 12:56:00 GMT+0300 (Москва, стандартное время),305.45,305.5,305.44,305.49,11369
Wed Feb 04 2026 12:57:00 GMT+0300 (Москва, стандартное время),305.49,305.52,305.47,305.5,3345
Wed Feb 04 2026 12:58:00 GMT+0300 (Москва, стандартное время),305.5,305.5,305.38,305.44,21104
Wed Feb 04 2026 12:59:00 GMT+0300 (Москва, стандартное время),305.44,305.44,305.36,305.39,9350
Wed Feb 04 2026 13:00:00 GMT+0300 (Москва, стандартное время),305.39,305.53,305.32,305.52,24461
Wed Feb 04 2026 13:01:00 GMT+0300 (Москва, стандартное время),305.53,305.55,305.52,305.55,14204
Wed Feb 04 2026 13:02:00 GMT+0300 (Москва, стандартное время),305.55,305.55,305.53,305.55,16819
Wed Feb 04 2026 13:03:00 GMT+0300 (Москва, стандартное время),305.55,305.58,305.54,305.58,31283
Wed Feb 04 2026 13:04:00 GMT+0300 (Москва, стандартное время),305.58,305.58,305.48,305.58,59704
Wed Feb 04 2026 13:05:00 GMT+0300 (Москва, стандартное время),305.58,305.58,305.52,305.53,18050
Wed Feb 04 2026 13:06:00 GMT+0300 (Москва, стандартное время),305.53,305.6,305.49,305.55,42418
Wed Feb 04 2026 13:07:00 GMT+0300 (Москва, стандартное время),305.55,305.58,305.52,305.55,19632
Wed Feb 04 2026 13:08:00 GMT+0300 (Москва, стандартное время),305.54,305.6,305.48,305.58,25341
Wed Feb 04 2026 13:09:00 GMT+0300 (Москва, стандартное время),305.59,305.6,305.53,305.6,16153
Wed Feb 04 2026 13:10:00 GMT+0300 (Москва, стандартное время),305.6,305.62,305.48,305.53,14980
Wed Feb 04 2026 13:11:00 GMT+0300 (Москва, стандартное время),305.5,305.52,305.45,305.5,7207
Wed Feb 04 2026 13:12:00 GMT+0300 (Москва, стандартное время),305.5,305.53,305.45,305.47,18395
Wed Feb 04 2026 13:13:00 GMT+0300 (Москва, стандартное время),305.47,305.47,305.4,305.41,7509
Wed Feb 04 2026 13:14:00 GMT+0300 (Москва, стандартное время),305.41,305.41,305.27,305.32,10225
Wed Feb 04 2026 13:15:00 GMT+0300 (Москва, стандартное время),305.32,305.44,305.3,305.42,29839
Wed Feb 04 2026 13:16:00 GMT+0300 (Москва, стандартное время),305.41,305.45,305.41,305.44,638
Wed Feb 04 2026 13:17:00 GMT+0300 (Москва, стандартное время),305.43,305.49,305.43,305.44,17439
Wed Feb 04 2026 13:18:00 GMT+0300 (Москва, стандартное время),305.45,305.49,305.45,305.48,6672
Wed Feb 04 2026 13:19:00 GMT+0300 (Москва, стандартное время),305.49,305.49,305.47,305.48,12286
Wed Feb 04 2026 13:20:00 GMT+0300 (Москва, стандартное время),305.49,305.49,305.47,305.48,2847
Wed Feb 04 2026 13:21:00 GMT+0300 (Москва, стандартное время),305.47,305.48,305.41,305.46,25018
Wed Feb 04 2026 13:22:00 GMT+0300 (Москва, стандартное время),305.46,305.46,305.41,305.42,5323
Wed Feb 04 2026 13:23:00 GMT+0300 (Москва, стандартное время),305.41,305.41,305.18,305.34,30603
Wed Feb 04 2026 13:24:00 GMT+0300 (Москва, стандартное время),305.34,305.44,305.32,305.4,20466
Wed Feb 04 2026 13:25:00 GMT+0300 (Москва, стандартное время),305.4,305.46,305.4,305.45,4893
Wed Feb 04 2026 13:26:00 GMT+0300 (Москва, стандартное время),305.45,305.46,305.43,305.44,1114
Wed Feb 04 2026 13:27:00 GMT+0300 (Москва, стандартное время),305.44,305.44,305.33,305.36,5190
Wed Feb 04 2026 13:28:00 GMT+0300 (Москва, стандартное время),305.39,305.4,305.35,305.4,16217
Wed Feb 04 2026 13:29:00 GMT+0300 (Москва, стандартное время),305.4,305.46,305.39,305.46,7593
Wed Feb 04 2026 13:30:00 GMT+0300 (Москва, стандартное время),305.46,305.49,305.44,305.49,53134
Wed Feb 04 2026 13:31:00 GMT+0300 (Москва, стандартное время),305.49,305.49,305.48,305.49,7279
Wed Feb 04 2026 13:32:00 GMT+0300 (Москва, стандартное время),305.49,305.49,305.4,305.48,12569
Wed Feb 04 2026 13:33:00 GMT+0300 (Москва, стандартное время),305.48,305.48,305.47,305.47,2131
Wed Feb 04 2026 13:34:00 GMT+0300 (Москва, стандартное время),305.48,305.49,305.47,305.49,16859
Wed Feb 04 2026 13:35:00 GMT+0300 (Москва, стандартное время),305.49,305.64,305.49,305.61,134896
Wed Feb 04 2026 13:36:00 GMT+0300 (Москва, стандартное время),305.63,305.7,305.56,305.66,59844
Wed Feb 04 2026 13:37:00 GMT+0300 (Москва, стандартное время),305.67,305.69,305.58,305.63,17341
Wed Feb 04 2026 13:38:00 GMT+0300 (Москва, стандартное время),305.63,305.68,305.62,305.67,6106
Wed Feb 04 2026 13:39:00 GMT+0300 (Москва, стандартное время),305.67,305.68,305.6,305.68,19440
Wed Feb 04 2026 13:40:00 GMT+0300 (Москва, стандартное время),305.67,305.71,305.57,305.65,56739
Wed Feb 04 2026 13:41:00 GMT+0300 (Москва, стандартное время),305.66,305.73,305.66,305.69,3634
Wed Feb 04 2026 13:42:00 GMT+0300 (Москва, стандартное время),305.69,305.69,305.67,305.68,6673
Wed Feb 04 2026 13:43:00 GMT+0300 (Москва, стандартное время),305.69,305.78,305.68,305.75,40873
Wed Feb 04 2026 13:44:00 GMT+0300 (Москва, стандартное время),305.75,305.79,305.68,305.71,12467
Wed Feb 04 2026 13:45:00 GMT+0300 (Москва, стандартное время),305.71,305.71,305.67,305.68,4733
Wed Feb 04 2026 13:46:00 GMT+0300 (Москва, стандартное время),305.68,305.73,305.68,305.73,9166
Wed Feb 04 2026 13:47:00 GMT+0300 (Москва, стандартное время),305.73,305.73,305.57,305.64,26415
Wed Feb 04 2026 13:48:00 GMT+0300 (Москва, стандартное время),305.64,305.64,305.55,305.64,11512
Wed Feb 04 2026 13:49:00 GMT+0300 (Москва, стандартное время),305.64,305.7,305.63,305.69,20961
Wed Feb 04 2026 13:50:00 GMT+0300 (Москва, стандартное время),305.69,305.69,305.64,305.67,2674
Wed Feb 04 2026 13:51:00 GMT+0300 (Москва, стандартное время),305.68,305.68,305.64,305.66,10185
Wed Feb 04 2026 13:52:00 GMT+0300 (Москва, стандартное время),305.67,305.67,305.56,305.63,9557
Wed Feb 04 2026 13:53:00 GMT+0300 (Москва, стандартное время),305.63,305.66,305.63,305.65,5545
Wed Feb 04 2026 13:54:00 GMT+0300 (Москва, стандартное время),305.66,305.66,305.58,305.58,4571
Wed Feb 04 2026 13:55:00 GMT+0300 (Москва, стандартное время),305.58,305.68,305.56,305.64,8084
Wed Feb 04 2026 13:56:00 GMT+0300 (Москва, стандартное время),305.64,305.67,305.62,305.65,713
Wed Feb 04 2026 13:57:00 GMT+0300 (Москва, стандартное время),305.65,305.69,305.55,305.62,16378
Wed Feb 04 2026 13:58:00 GMT+0300 (Москва, стандартное время),305.64,305.66,305.55,305.6,8998
Wed Feb 04 2026 13:59:00 GMT+0300 (Москва, стандартное время),305.6,305.75,305.59,305.64,57450
Wed Feb 04 2026 14:00:00 GMT+0300 (Москва, стандартное время),305.59,305.67,305.54,305.54,7890
Wed Feb 04 2026 14:01:00 GMT+0300 (Москва, стандартное время),305.61,305.61,305.52,305.57,1103
Wed Feb 04 2026 14:02:00 GMT+0300 (Москва, стандартное время),305.57,305.59,305.55,305.58,563
Wed Feb 04 2026 14:03:00 GMT+0300 (Москва, стандартное время),305.58,305.58,305.55,305.57,1543
Wed Feb 04 2026 14:04:00 GMT+0300 (Москва, стандартное время),305.57,305.58,305.55,305.57,1834
Wed Feb 04 2026 14:05:00 GMT+0300 (Москва, стандартное время),305.57,305.68,305.5,305.68,40189
Wed Feb 04 2026 14:06:00 GMT+0300 (Москва, стандартное время),305.67,305.79,305.65,305.66,34470
Wed Feb 04 2026 14:07:00 GMT+0300 (Москва, стандартное время),305.66,305.66,305.64,305.66,4709
Wed Feb 04 2026 14:08:00 GMT+0300 (Москва, стандартное время),305.66,305.79,305.57,305.64,36390
Wed Feb 04 2026 14:09:00 GMT+0300 (Москва, стандартное время),305.63,305.7,305.57,305.67,11514
Wed Feb 04 2026 14:10:00 GMT+0300 (Москва, стандартное время),305.67,305.67,305.58,305.63,6522
Wed Feb 04 2026 14:11:00 GMT+0300 (Москва, стандартное время),305.62,305.67,305.59,305.63,6755
Wed Feb 04 2026 14:12:00 GMT+0300 (Москва, стандартное время),305.62,305.63,305.62,305.62,2243
Wed Feb 04 2026 14:13:00 GMT+0300 (Москва, стандартное время),305.62,305.63,305.55,305.56,6635
Wed Feb 04 2026 14:14:00 GMT+0300 (Москва, стандартное время),305.56,305.56,305.38,305.38,38690
Wed Feb 04 2026 14:15:00 GMT+0300 (Москва, стандартное время),305.39,305.42,305.38,305.41,2898
Wed Feb 04 2026 14:16:00 GMT+0300 (Москва, стандартное время),305.41,305.41,305.11,305.15,52446
Wed Feb 04 2026 14:17:00 GMT+0300 (Москва, стандартное время),305.15,305.18,305.08,305.18,36406
Wed Feb 04 2026 14:18:00 GMT+0300 (Москва, стандартное время),305.18,305.18,305.05,305.06,4088
Wed Feb 04 2026 14:19:00 GMT+0300 (Москва, стандартное время),305.05,305.06,304.6,304.7,99361
Wed Feb 04 2026 14:20:00 GMT+0300 (Москва, стандартное время),304.72,304.77,304.6,304.76,29106
Wed Feb 04 2026 14:21:00 GMT+0300 (Москва, стандартное время),304.77,304.78,304.7,304.72,41687
Wed Feb 04 2026 14:22:00 GMT+0300 (Москва, стандартное время),304.71,304.77,304.7,304.75,45305
Wed Feb 04 2026 14:23:00 GMT+0300 (Москва, стандартное время),304.77,304.82,304.71,304.71,22695
Wed Feb 04 2026 14:24:00 GMT+0300 (Москва, стандартное время),304.72,304.75,304.61,304.61,8671
Wed Feb 04 2026 14:25:00 GMT+0300 (Москва, стандартное время),304.61,304.7,304.57,304.59,24671
Wed Feb 04 2026 14:26:00 GMT+0300 (Москва, стандартное время),304.59,304.61,304.4,304.43,83832
Wed Feb 04 2026 14:27:00 GMT+0300 (Москва, стандартное время),304.46,304.49,304.27,304.3,69215
Wed Feb 04 2026 14:28:00 GMT+0300 (Москва, стандартное время),304.31,304.43,304.31,304.42,29122
Wed Feb 04 2026 14:29:00 GMT+0300 (Москва, стандартное время),304.41,304.56,304.41,304.49,16637
Wed Feb 04 2026 14:30:00 GMT+0300 (Москва, стандартное время),304.49,304.5,304.37,304.49,18844
Wed Feb 04 2026 14:31:00 GMT+0300 (Москва, стандартное время),304.47,304.5,304.47,304.5,6407
Wed Feb 04 2026 14:32:00 GMT+0300 (Москва, стандартное время),304.5,304.64,304.5,304.57,44846
Wed Feb 04 2026 14:33:00 GMT+0300 (Москва, стандартное время),304.59,304.62,304.57,304.58,16919
Wed Feb 04 2026 14:34:00 GMT+0300 (Москва, стандартное время),304.6,304.74,304.6,304.74,9893
Wed Feb 04 2026 14:35:00 GMT+0300 (Москва, стандартное время),304.74,304.85,304.73,304.78,14629
Wed Feb 04 2026 14:36:00 GMT+0300 (Москва, стандартное время),304.77,304.86,304.77,304.86,13768
Wed Feb 04 2026 14:37:00 GMT+0300 (Москва, стандартное время),304.86,304.88,304.86,304.87,3555
Wed Feb 04 2026 14:38:00 GMT+0300 (Москва, стандартное время),304.87,304.87,304.85,304.86,29658
Wed Feb 04 2026 14:39:00 GMT+0300 (Москва, стандартное время),304.86,304.87,304.84,304.84,13846
Wed Feb 04 2026 14:40:00 GMT+0300 (Москва, стандартное время),304.85,304.85,304.83,304.83,3355
Wed Feb 04 2026 14:41:00 GMT+0300 (Москва, стандартное время),304.84,304.85,304.78,304.78,12178
Wed Feb 04 2026 14:42:00 GMT+0300 (Москва, стандартное время),304.81,304.82,304.76,304.77,12482
Wed Feb 04 2026 14:43:00 GMT+0300 (Москва, стандартное время),304.77,304.77,304.75,304.76,10047
Wed Feb 04 2026 14:44:00 GMT+0300 (Москва, стандартное время),304.75,304.76,304.74,304.75,12323
Wed Feb 04 2026 14:45:00 GMT+0300 (Москва, стандартное время),304.76,304.77,304.7,304.73,11120
Wed Feb 04 2026 14:46:00 GMT+0300 (Москва, стандартное время),304.74,304.74,304.65,304.73,13855
Wed Feb 04 2026 14:47:00 GMT+0300 (Москва, стандартное время),304.73,304.73,304.68,304.73,14956
Wed Feb 04 2026 14:48:00 GMT+0300 (Москва, стандартное время),304.73,304.75,304.71,304.75,6841
Wed Feb 04 2026 14:49:00 GMT+0300 (Москва, стандартное время),304.75,304.75,304.73,304.75,3048
Wed Feb 04 2026 14:50:00 GMT+0300 (Москва, стандартное время),304.75,304.8,304.74,304.79,5658
Wed Feb 04 2026 14:51:00 GMT+0300 (Москва, стандартное время),304.8,304.8,304.79,304.8,5548
Wed Feb 04 2026 14:52:00 GMT+0300 (Москва, стандартное время),304.79,304.8,304.66,304.77,17371
Wed Feb 04 2026 14:53:00 GMT+0300 (Москва, стандартное время),304.77,304.78,304.64,304.78,12394
Wed Feb 04 2026 14:54:00 GMT+0300 (Москва, стандартное время),304.75,304.8,304.75,304.79,2454
Wed Feb 04 2026 14:55:00 GMT+0300 (Москва, стандартное время),304.79,304.8,304.75,304.77,7807
Wed Feb 04 2026 14:56:00 GMT+0300 (Москва, стандартное время),304.78,304.79,304.66,304.78,13522
Wed Feb 04 2026 14:57:00 GMT+0300 (Москва, стандартное время),304.76,304.79,304.72,304.79,3057
Wed Feb 04 2026 14:58:00 GMT+0300 (Москва, стандартное время),304.78,304.79,304.73,304.73,6699
Wed Feb 04 2026 14:59:00 GMT+0300 (Москва, стандартное время),304.73,304.76,304.62,304.73,23988
Wed Feb 04 2026 15:00:00 GMT+0300 (Москва, стандартное время),304.73,304.8,304.61,304.8,17211
Wed Feb 04 2026 15:01:00 GMT+0300 (Москва, стандартное время),304.8,304.86,304.74,304.86,8271
Wed Feb 04 2026 15:02:00 GMT+0300 (Москва, стандартное время),304.86,304.87,304.82,304.84,7533
Wed Feb 04 2026 15:03:00 GMT+0300 (Москва, стандартное время),304.87,304.98,304.85,304.98,25777
Wed Feb 04 2026 15:04:00 GMT+0300 (Москва, стандартное время),304.98,305,304.97,304.99,29284
Wed Feb 04 2026 15:05:00 GMT+0300 (Москва, стандартное время),304.99,305.04,304.99,305.04,56848
Wed Feb 04 2026 15:06:00 GMT+0300 (Москва, стандартное время),305.04,305.19,305.04,305.16,27221
Wed Feb 04 2026 15:07:00 GMT+0300 (Москва, стандартное время),305.16,305.21,305.15,305.2,37346
Wed Feb 04 2026 15:08:00 GMT+0300 (Москва, стандартное время),305.2,305.23,305.16,305.19,15243
Wed Feb 04 2026 15:09:00 GMT+0300 (Москва, стандартное время),305.2,305.2,305.19,305.2,3435
Wed Feb 04 2026 15:10:00 GMT+0300 (Москва, стандартное время),305.19,305.2,305.17,305.19,75945
Wed Feb 04 2026 15:11:00 GMT+0300 (Москва, стандартное время),305.19,305.2,305.17,305.2,19488
Wed Feb 04 2026 15:12:00 GMT+0300 (Москва, стандартное время),305.2,305.2,305.18,305.2,23097
Wed Feb 04 2026 15:13:00 GMT+0300 (Москва, стандартное время),305.2,305.2,305.18,305.2,9535
Wed Feb 04 2026 15:14:00 GMT+0300 (Москва, стандартное время),305.2,305.2,305.18,305.18,40836
Wed Feb 04 2026 15:15:00 GMT+0300 (Москва, стандартное время),305.19,305.2,305.12,305.15,13168
Wed Feb 04 2026 15:16:00 GMT+0300 (Москва, стандартное время),305.15,305.16,305.08,305.12,4223
Wed Feb 04 2026 15:17:00 GMT+0300 (Москва, стандартное время),305.12,305.12,304.97,304.98,25768
Wed Feb 04 2026 15:18:00 GMT+0300 (Москва, стандартное время),304.98,305.03,304.97,305.03,7483
Wed Feb 04 2026 15:19:00 GMT+0300 (Москва, стандартное время),305.02,305.1,304.82,304.89,45741
Wed Feb 04 2026 15:20:00 GMT+0300 (Москва, стандартное время),304.89,304.95,304.71,304.89,15410
Wed Feb 04 2026 15:21:00 GMT+0300 (Москва, стандартное время),304.89,304.97,304.89,304.96,3551
Wed Feb 04 2026 15:22:00 GMT+0300 (Москва, стандартное время),304.96,305.05,304.96,305.01,12031
Wed Feb 04 2026 15:23:00 GMT+0300 (Москва, стандартное время),305.01,305.04,305.01,305.03,1418
Wed Feb 04 2026 15:24:00 GMT+0300 (Москва, стандартное время),305.02,305.03,304.88,304.97,15214
Wed Feb 04 2026 15:25:00 GMT+0300 (Москва, стандартное время),305,305,304.97,304.98,1422
Wed Feb 04 2026 15:26:00 GMT+0300 (Москва, стандартное время),304.98,304.98,304.82,304.87,7645
Wed Feb 04 2026 15:27:00 GMT+0300 (Москва, стандартное время),304.87,304.98,304.87,304.91,2210
Wed Feb 04 2026 15:28:00 GMT+0300 (Москва, стандартное время),304.95,304.99,304.93,304.94,1050
Wed Feb 04 2026 15:29:00 GMT+0300 (Москва, стандартное время),304.94,304.94,304.87,304.89,3591
Wed Feb 04 2026 15:30:00 GMT+0300 (Москва, стандартное время),304.87,304.87,304.8,304.83,12350
Wed Feb 04 2026 15:31:00 GMT+0300 (Москва, стандартное время),304.85,304.87,304.82,304.84,1395
Wed Feb 04 2026 15:32:00 GMT+0300 (Москва, стандартное время),304.84,304.84,304.79,304.84,14866
Wed Feb 04 2026 15:33:00 GMT+0300 (Москва, стандартное время),304.84,304.84,304.77,304.78,3839
Wed Feb 04 2026 15:34:00 GMT+0300 (Москва, стандартное время),304.81,304.87,304.74,304.85,32016
Wed Feb 04 2026 15:35:00 GMT+0300 (Москва, стандартное время),304.83,304.89,304.83,304.87,14842
Wed Feb 04 2026 15:36:00 GMT+0300 (Москва, стандартное время),304.88,304.96,304.87,304.94,19973
Wed Feb 04 2026 15:37:00 GMT+0300 (Москва, стандартное время),304.93,304.97,304.92,304.96,9421
Wed Feb 04 2026 15:38:00 GMT+0300 (Москва, стандартное время),304.96,304.97,304.91,304.93,13461
Wed Feb 04 2026 15:39:00 GMT+0300 (Москва, стандартное время),304.93,304.94,304.91,304.93,3420
Wed Feb 04 2026 15:40:00 GMT+0300 (Москва, стандартное время),304.94,304.95,304.92,304.93,8506
Wed Feb 04 2026 15:41:00 GMT+0300 (Москва, стандартное время),304.92,304.95,304.88,304.91,16638
Wed Feb 04 2026 15:42:00 GMT+0300 (Москва, стандартное время),304.91,304.96,304.91,304.96,3905
Wed Feb 04 2026 15:43:00 GMT+0300 (Москва, стандартное время),304.96,304.96,304.95,304.96,2125
Wed Feb 04 2026 15:44:00 GMT+0300 (Москва, стандартное время),304.95,304.96,304.95,304.96,1674
Wed Feb 04 2026 15:45:00 GMT+0300 (Москва, стандартное время),304.96,304.96,304.9,304.9,6476
Wed Feb 04 2026 15:46:00 GMT+0300 (Москва, стандартное время),304.9,304.93,304.8,304.88,26772
Wed Feb 04 2026 15:47:00 GMT+0300 (Москва, стандартное время),304.88,304.91,304.82,304.85,10052
Wed Feb 04 2026 15:48:00 GMT+0300 (Москва, стандартное время),304.86,304.92,304.86,304.91,13551
Wed Feb 04 2026 15:49:00 GMT+0300 (Москва, стандартное время),304.9,304.94,304.9,304.93,2886
Wed Feb 04 2026 15:50:00 GMT+0300 (Москва, стандартное время),304.94,304.95,304.91,304.92,28197
Wed Feb 04 2026 15:51:00 GMT+0300 (Москва, стандартное время),304.92,304.97,304.9,304.91,19108
Wed Feb 04 2026 15:52:00 GMT+0300 (Москва, стандартное время),304.92,304.96,304.9,304.95,2015